"abbreviation","code","state","year","homicide.rates","state.gdp.capita","state.gdp.growth.percent","gini","population.projection","population.extreme.poverty","years.schooling","gini.imp","population.extreme.poverty.imp","years.schooling.imp","proportion.extreme.poverty","population.projection.ln"
"AC",12,"Acre",1990,15.7528767460446,8.5046506371,3.6802715838,0.5443582064,413495,48965,4.8069323392,0.5443582064,48965,4.8069323392,0.118417393197016,12.9324007014743
"AC",12,"Acre",1991,25.1365753929817,8.7232716989,4.9486247237,NA,422341,NA,NA,0.55197280455,54937.5,5.4977572863,0.130078538432215,12.953568323588
"AC",12,"Acre",1992,24.6693492644512,8.5758084005,2.9037203737,0.5595874027,438834,60910,6.1885822334,0.5595874027,60910,6.1885822334,0.138799637220452,12.9918764884289
"AC",12,"Acre",1993,26.0572024164514,8.5919435813,3.30100531,0.5532199072,455233,57492,5.5853917565,0.5532199072,57492,5.5853917565,0.12629137167121,13.0285646547729
"AC",12,"Acre",1994,19.7100384569932,8.4737417079,1.566071674,NA,471677,NA,NA,0.5677723345,48075.5,5.71321720565,0.101924622146087,13.0640497082786
"AC",12,"Acre",1995,22.6247822639007,8.5777487009,4.1316927097,0.5823247618,488112,38659,5.8410426548,0.5823247618,38659,5.8410426548,0.079201084996886,13.098300166699
"AC",12,"Acre",1996,21.0921167179641,8.5137013716,2.0086610407,0.632967802,504575,43173,5.7564170093,0.632967802,43173,5.7564170093,0.0855630976564435,13.1314717697683
"AC",12,"Acre",1997,19.9920831350958,8.2219297645,-0.8269731407,0.5743885751,521095,63519,5.891098796,0.5743885751,63519,5.891098796,0.121895239831509,13.163687645764
"AC",12,"Acre",1998,21.203791782674,8.3880379051,4.5295861197,0.5704532034,537720,64117,6.2416799159,0.5704532034,64117,6.2416799159,0.119238637208956,13.1950932575682
"AC",12,"Acre",1999,9.66044483508011,8.304872692,4.0925988843,0.6213160013,554541,73322,6.2599468256,0.6213160013,73322,6.2599468256,0.132221062103614,13.225896023526
"AC",12,"Acre",2000,19.3712938948007,8.4004032965,4.1088418927,NA,587407,NA,NA,0.62230835185,74322,6.06525126565,0.12652556064194,13.2834732145977
"AC",12,"Acre",2001,21.2408116079199,8.4772487716,3.8004244564,0.6233007024,602009,75322,5.8705557057,0.6233007024,75322,5.8705557057,0.125117730798045,13.3080276743453
"AC",12,"Acre",2002,25.7264309262615,8.6074182777,4.3880009673,0.6206820215,616781,74339,6.1935246378,0.6206820215,74339,6.1935246378,0.120527383301366,13.3322692966063
"AC",12,"Acre",2003,22.4772605048046,8.7019837683,3.8886274526,0.5781737914,631650,93370,5.6453789499,0.5781737914,93370,5.6453789499,0.14781920367292,13.3560907222582
"AC",12,"Acre",2004,18.7233903989753,9.2998229259,7.5803205902,0.5935716389,646548,143491,5.1925445025,0.5935716389,143491,5.1925445025,0.221934025006651,13.3794027203776
"AC",12,"Acre",2005,18.6640427511096,9.396913016,7.3612530992,0.5834207253,661427,146843,5.3703764048,0.5834207253,146843,5.3703764048,0.222009382743674,13.4021549011943
"AC",12,"Acre",2006,22.5733634311541,9.6611772592,5.4090475188,0.5923402321,676252,113474,5.6897300578,0.5923402321,113474,5.6897300578,0.167798394681273,13.4243210666246
"AC",12,"Acre",2007,18.9068970370367,10.7836698517,6.5359887195,0.6093219441,690997,157833,6.2911595806,0.6093219441,157833,6.2911595806,0.228413437395531,13.4458907612064
"AC",12,"Acre",2008,19.5567240575776,11.1098707418,6.9057975595,0.5598217732,705635,91922,6.5116671765,0.5598217732,91922,6.5116671765,0.13026848158042,13.4668533856191
"AC",12,"Acre",2009,21.5576798149038,11.0597301472,1.1675078909,0.6131852912,720132,97612,6.6530706796,0.6131852912,97612,6.6530706796,0.135547371870713,13.4871898075221
"AL",27,"Alagoas",1990,29.2462034772149,6.1245303676,8.0627200891,0.5743947783,2504847,916428,2.853450248,0.5743947783,916428,2.853450248,0.365861867012237,14.7337382127915
"AL",27,"Alagoas",1991,26.8485740423928,6.1700559571,2.5183064929,NA,2554807,NA,NA,0.57879482425,902552,3.29733572095,0.353276000887738,14.7534872406063
"AL",27,"Alagoas",1992,23.3464907109065,6.3226355082,2.9966307145,0.5831948702,2587145,888676,3.7412211939,0.5831948702,888676,3.7412211939,0.343496788931428,14.7660655090756
"AL",27,"Alagoas",1993,23.767534316051,6.0055725931,-3.8898804619,0.6333472488,2619299,1160994,3.8133070846,0.6333472488,1160994,3.8133070846,0.443246074617674,14.7784172826855
"AL",27,"Alagoas",1994,23.2855186376685,6.362685085,7.1737698438,NA,2651541,NA,NA,0.6384748995,971831.5,3.85394417255,0.366515735566601,14.7906515383853
"AL",27,"Alagoas",1995,27.2212705742245,6.181753266,-1.7415160755,0.6436025502,2683766,782669,3.8945812605,0.6436025502,782669,3.8945812605,0.291630864985994,14.8027315899645
"AL",27,"Alagoas",1996,28.1021444594631,6.1250000647,0.1881765424,0.6347739478,2716045,890737,3.9356749226,0.6347739478,890737,3.9356749226,0.32795369737983,14.8146873360065
"AL",27,"Alagoas",1997,24.1077051154567,6.3801014987,5.3113136998,0.6225423995,2748436,780817,4.3061629683,0.6225423995,780817,4.3061629683,0.284095027135433,14.8265425805833
"AL",27,"Alagoas",1998,21.7624860869017,6.447201319,2.16837817,0.6194046453,2781033,847460,4.1686480861,0.6194046453,847460,4.1686480861,0.304728494771547,14.8383329993809
"AL",27,"Alagoas",1999,20.3451675619876,6.2677884172,-1.3341021889,0.5880434356,2814014,972573,4.1615333202,0.5880434356,972573,4.1615333202,0.345617683494112,14.8501224917685
"AL",27,"Alagoas",2000,25.6499189937286,6.3133529976,1.9439823983,NA,2897881,NA,NA,0.5976026157,1013865,4.03577126095,0.349864262887261,14.8794903382177
"AL",27,"Alagoas",2001,29.2659395224322,6.3528049829,1.8336021106,0.6071617958,2937414,1055157,3.9100092017,0.6071617958,1055157,3.9100092017,0.359212899509569,14.8930401604102
"AL",27,"Alagoas",2002,34.2507738458426,6.2872324787,0.1550302125,0.605529575,2975948,1070274,3.982389875,0.605529575,1070274,3.982389875,0.359641364701265,14.9060732016642
"AL",27,"Alagoas",2003,35.6790571132179,6.178023009,-0.5608108662,0.6078257443,3013346,1135933,4.3060615794,0.6078257443,1135933,4.3060615794,0.376967331332014,14.9185616472312
"AL",27,"Alagoas",2004,35.0779942579309,6.3815555297,4.5156935401,0.5746424453,3049431,1042581,4.1831447619,0.5746424453,1042581,4.1831447619,0.341893618842335,14.9304655738026
"AL",27,"Alagoas",2005,40.1538379409538,6.6081828111,4.7671904699,0.565784874,3084050,946177,4.2268911388,0.565784874,946177,4.2268911388,0.306796906664937,14.9417542262447
"AL",27,"Alagoas",2006,53.0051146493744,6.8190719202,4.3799838839,0.6267320818,3117060,790927,4.6769350424,0.6267320818,790927,4.6769350424,0.253741346011947,14.9524008078424
"AL",27,"Alagoas",2007,59.6099969757484,7.1293278871,4.0898716833,0.6054482801,3148387,715101,4.8159409157,0.6054482801,715101,4.8159409157,0.22713249673563,14.9624008161605
"AL",27,"Alagoas",2008,60.334631790882,7.2077456254,4.1065992336,0.5827867882,3177975,725151,4.9735922963,0.5827867882,725151,4.9735922963,0.228180209095415,14.9717547594651
"AL",27,"Alagoas",2009,59.1869525087983,7.2927619283,2.1031359483,0.5719589624,3205791,677867,5.0355105894,0.5719589624,677867,5.0355105894,0.211450777670784,14.9804694197584
"AP",16,"Amapá",1990,16.1766926212669,9.5215635588,1.3680245361,0.4530852138,283271,12044,5.9842969867,0.4530852138,12044,5.9842969867,0.0425175891637337,12.5541593155948
"AP",16,"Amapá",1991,17.9683963551722,9.7164943169,5.3847757722,NA,290747,NA,NA,0.45733149515,31599.5,5.7518597255,0.108683838526279,12.5802087521849
"AP",16,"Amapá",1992,23.8779021463804,9.5533348074,8.5780000395,0.4615777765,311802,51155,5.5194224643,0.4615777765,51155,5.5194224643,0.16406244988807,12.6501236499534
"AP",16,"Amapá",1993,21.0497681287233,9.9624865074,10.1340430151,0.6576678832,332738,55468,5.2440227883,0.6576678832,55468,5.2440227883,0.166701729288509,12.7151106724966
"AP",16,"Amapá",1994,38.4138239387612,9.9455589035,5.0800518008,NA,353731,NA,NA,0.59606437485,51586,5.3688796283,0.145833981189096,12.7762920162498
"AP",16,"Amapá",1995,38.3216937575315,9.9051725699,4.5228028574,0.5344608665,374713,47704,5.4937364683,0.5344608665,47704,5.4937364683,0.127308099799046,12.8339156786021
"AP",16,"Amapá",1996,43.2194255505833,9.9554276523,5.2246803625,0.5190446617,395730,32175,5.4932895035,0.5190446617,32175,5.4932895035,0.0813054355242211,12.8884874395111
"AP",16,"Amapá",1997,34.0875727159757,10.024907922,5.1977134754,0.5696600442,416820,62181,6.1163438116,0.5696600442,62181,6.1163438116,0.149179501943285,12.940409752915
"AP",16,"Amapá",1998,38.7321517254554,9.5898020439,-0.3558388772,0.5788321584,438044,73413,6.0404434293,0.5788321584,73413,6.0404434293,0.167592753239401,12.9900746409342
"AP",16,"Amapá",1999,43.8852797857055,9.2743099109,2.1797072709,0.5426324009,459519,90531,6.2945287826,0.5426324009,90531,6.2945287826,0.197012528317654,13.0379355692157
"AP",16,"Amapá",2000,32.4925791141684,9.3485932333,5.241070066,NA,499329,NA,NA,0.5090877661,66337.5,6.78947417995,0.132853289113991,13.1210204761159
"AP",16,"Amapá",2001,36.8933401505843,9.5227544581,6.1874199668,0.4755431313,519202,42144,7.2844195773,0.4755431313,42144,7.2844195773,0.0811707196813572,13.1600482964447
"AP",16,"Amapá",2002,35.0426125913223,9.7818668399,6.9485810599,0.5491893913,538836,84508,6.6763737576,0.5491893913,84508,6.6763737576,0.156834361475477,13.1971665364311
"AP",16,"Amapá",2003,35.5259049289322,10.1518849875,7.9254170664,0.5938475877,558398,113726,6.6559141334,0.5938475877,113726,6.6559141334,0.203664769572957,13.232827248762
"AP",16,"Amapá",2004,31.2782498644321,11.0557181174,7.972890635,0.5423378851,577786,109970,6.7060754856,0.5423378851,109970,6.7060754856,0.190329983765616,13.2669588368834
"AP",16,"Amapá",2005,32.9646118164566,10.8177964784,6.2826724028,0.5271887986,596914,68020,7.2864646677,0.5271887986,68020,7.2864646677,0.113952763714706,13.2995283283967
"AP",16,"Amapá",2006,32.9693174214633,11.0516872773,5.7923112495,0.4752295426,615692,61807,7.4444788225,0.4752295426,61807,7.4444788225,0.100386232077078,13.330502117474
"AP",16,"Amapá",2007,26.8592574907689,12.179289553,5.1191327384,0.5091625902,634068,77317,7.4896951733,0.5091625902,77317,7.4896951733,0.121938025574544,13.3599114831884
"AP",16,"Amapá",2008,34.411674527535,12.0084288538,2.937260003,0.455739821,651977,39316,7.8329087864,0.455739821,39316,7.8329087864,0.0603027407408544,13.387764564213
"AP",16,"Amapá",2009,30.4816256441332,12.2159969394,3.9591982547,0.5191645316,669360,55950,7.7018857128,0.5191645316,55950,7.7018857128,0.0835873072785945,13.4140773109695
"AM",13,"Amazonas",1990,18.0160013509364,7.61623794,0.0161219287,0.5600973528,2073666,117249,5.7987875748,0.5600973528,117249,5.7987875748,0.0565418924744872,14.5448286133373
"AM",13,"Amazonas",1991,19.0657950602901,7.4714279528,0.7075012638,NA,2127602,NA,NA,0.55450696525,276419.5,6.0153554593,0.129920680653618,14.5705060818762
"AM",13,"Amazonas",1992,16.1942192669526,6.8910919713,-3.8123801177,0.5489165777,2205034,435590,6.2319233438,0.5489165777,435590,6.2319233438,0.197543439239486,14.6062534862453
"AM",13,"Amazonas",1993,15.5574645391385,7.6225792821,14.0853396741,0.5549744,2282029,391417,5.6761013191,0.5549744,391417,5.6761013191,0.17152148373224,14.6405755174742
"AM",13,"Amazonas",1994,16.8313895721886,9.1526483236,23.6883548608,NA,2359234,NA,NA,0.56561495065,349219.5,5.8567141667,0.148022408968335,14.6738475480443
"AM",13,"Amazonas",1995,18.2740582934054,10.9038598352,22.5827701837,0.5762555013,2436396,307022,6.0373270143,0.5762555013,307022,6.0373270143,0.126014818609126,14.7060304561766
"AM",13,"Amazonas",1996,18.7504263838652,11.920735704,12.3879149545,0.5457302075,2513691,245157,5.9338397955,0.5457302075,245157,5.9338397955,0.0975286938609399,14.7372627488836
"AM",13,"Amazonas",1997,18.938424111763,12.5840328433,8.4310499734,0.58941124,2591252,329510,6.1194706368,0.58941124,329510,6.1194706368,0.127162468181404,14.7676517145601
"AM",13,"Amazonas",1998,21.2639852358276,12.3624364686,0.6126874881,0.5798885659,2669305,470027,6.0569019112,0.5798885659,470027,6.0569019112,0.176085910002791,14.7973286968671
"AM",13,"Amazonas",1999,20.4197162240622,11.9482965341,-0.2494311992,0.544297361,2748281,435991,6.2028720571,0.544297361,435991,6.2028720571,0.158641347082049,14.8264861832829
"AM",13,"Amazonas",2000,19.8751527524835,12.5355707993,7.8304429164,NA,2872524,NA,NA,0.55988532825,461963,6.42906915795,0.160821284695968,14.8707016437615
"AM",13,"Amazonas",2001,16.4815196650743,12.5423008019,2.7756058036,0.5754732955,2946727,487935,6.6552662588,0.5754732955,487935,6.6552662588,0.165585410524966,14.8962056208492
"AM",13,"Amazonas",2002,17.2867617168439,12.9410669011,5.9410000544,0.5632862319,3021363,497348,6.8445074126,0.5632862319,497348,6.8445074126,0.164610475470839,14.9212186120381
"AM",13,"Amazonas",2003,18.5082605896852,13.1885327345,4.5949800932,0.5563141057,3096127,501230,7.0715023679,0.5563141057,501230,7.0715023679,0.161889354021976,14.9456625335223
"AM",13,"Amazonas",2004,16.870227628701,14.2952073549,10.3253009936,0.5363294433,3170740,626490,6.674855596,0.5363294433,626490,6.674855596,0.197584790932085,14.9694755570967
"AM",13,"Amazonas",2005,18.5006492242985,15.3264020919,10.4109239025,0.5122660596,3244995,392286,6.8940114742,0.5122660596,392286,6.8940114742,0.12088955452936,14.9926243672871
"AM",13,"Amazonas",2006,21.0507495214482,15.3475107365,2.5757329159,0.5138941672,3318679,443100,7.205733609,0.5138941672,443100,7.205733609,0.133516980702261,15.0150773701466
"AM",13,"Amazonas",2007,20.9791385924585,16.4806154295,4.4937552635,0.5504178712,3391594,578137,6.9619396823,0.5504178712,578137,6.9619396823,0.170461735691241,15.0368105753339
"AM",13,"Amazonas",2008,24.7523567117036,16.6037708246,4.4732157523,0.5129211791,3463562,436325,7.1421838843,0.5129211791,436325,7.1421838843,0.12597580179018,15.0578080972518
"AM",13,"Amazonas",2009,26.9939178224038,16.019450134,-2.0097402827,0.5090497043,3534456,333527,7.2191815827,0.5090497043,333527,7.2191815827,0.094364450993307,15.0780699557959
"BA",29,"Bahia",1990,7.34260347051734,5.8660892283,6.4156100862,0.6469645937,11833426,4480819,3.3895908471,0.6469645937,4480819,3.3895908471,0.378657795299518,16.2864387967328
"BA",29,"Bahia",1991,4.89552107006794,5.9453154161,3.0687748,NA,12065837,NA,NA,0.6205084894,4393732,3.31767827745,0.364146474049003,16.3058886288579
"BA",29,"Bahia",1992,6.88066795022891,6.1199571037,3.0687748,0.5940523851,12188959,4306645,3.2457657078,0.5940523851,4306645,3.2457657078,0.35332344624344,16.3160410999437
"BA",29,"Bahia",1993,12.2006742134983,6.7071595846,10.68046044,0.6424388758,12311385,4653413,3.567434994,0.6424388758,4653413,3.567434994,0.377976401517782,16.3260350019862
"BA",29,"Bahia",1994,13.9355256099982,7.0983759938,6.860340644,NA,12434146,NA,NA,0.6244045227,4228787,3.5971990153,0.340094687644813,16.3359569557402
"BA",29,"Bahia",1995,12.051351091684,7.5137840396,6.860340644,0.6063701696,12556838,3804161,3.6269630366,0.6063701696,3804161,3.6269630366,0.302955329996294,16.3457759357172
"BA",29,"Bahia",1996,14.8783954296389,7.5672092573,1.6567860463,0.6348562122,12679740,4145618,3.8476315088,0.6348562122,4145618,3.8476315088,0.326948186634742,16.3555160020313
"BA",29,"Bahia",1997,15.4999566079932,7.9824002239,6.4649171017,0.6120617959,12803067,3895008,3.7764279208,0.6120617959,3895008,3.7764279208,0.304224604932552,16.3651953095631
"BA",29,"Bahia",1998,9.70332492559811,7.9501759825,0.4597258003,0.5956276967,12927177,3566113,3.9394463431,0.5956276967,3566113,3.9394463431,0.275861698188243,16.3748423974443
"BA",29,"Bahia",1999,6.81904591849666,7.9034016919,0.6174501315,0.5853363795,13052753,3556144,4.0196711092,0.5853363795,3556144,4.0196711092,0.272443981740863,16.3845096273389
"BA",29,"Bahia",2000,9.35712782847337,8.1411042614,4.0501511865,NA,13519548,NA,NA,0.5897040833,3772311.5,4.19088531895,0.279026451180173,16.4196471960676
"BA",29,"Bahia",2001,11.9039096434969,8.0946637877,0.4320075493,0.5940717871,13664222,3988479,4.3620995287,0.5940717871,3988479,4.3620995287,0.291892139925713,16.4302914419511
"BA",29,"Bahia",2002,13.0224458930543,8.1348908561,1.510732213,0.5925395778,13805391,3916559,4.5609557703,0.5925395778,3916559,4.5609557703,0.283697796027653,16.4405697260167
"BA",29,"Bahia",2003,16.033577212344,8.227135227,2.1538491618,0.5914295449,13942631,4160184,4.6992141606,0.5914295449,4160184,4.6992141606,0.298378691941284,16.4504616829342
"BA",29,"Bahia",2004,16.6388135633075,8.9283691796,9.6270480496,0.5558949617,14075570,3378609,4.8846979821,0.5558949617,3378609,4.8846979821,0.240033547486887,16.4599512285057
"BA",29,"Bahia",2005,20.4339259630274,9.2705719063,4.8440626064,0.5540109504,14203837,3015281,5.0826128083,0.5540109504,3015281,5.0826128083,0.212286370225172,16.4690226973386
"BA",29,"Bahia",2006,23.4836605406772,9.4249209694,2.656996665,0.5569745484,14327129,2547395,5.3079605994,0.5569745484,2547395,5.3079605994,0.177802196099442,16.4776654308135
"BA",29,"Bahia",2007,25.6181387783134,9.8299637279,5.2734281223,0.5535843135,14445266,2406856,5.3954923601,0.5535843135,2406856,5.3954923601,0.166619015530763,16.4858773063893
"BA",29,"Bahia",2008,32.7528042433813,10.0379092653,5.1751131576,0.5590359353,14558148,2179443,5.6981739873,0.5590359353,2179443,5.6981739873,0.149706061512769,16.4936613948403
"BA",29,"Bahia",2009,36.5157984628458,9.8892315521,-0.5654756748,0.5561032797,14665810,2037599,5.8422629425,0.5561032797,2037599,5.8422629425,0.138935319631169,16.5010294924176
"CE",23,"Ceará",1990,8.84892002444848,5.0900604617,11.6080154429,0.6268535863,6368785,2828804,2.9650599077,0.6268535863,2828804,2.9650599077,0.444166980044074,15.666919271522
"CE",23,"Ceará",1991,9.6597157027733,5.3126551561,5.8481855689,NA,6463534,NA,NA,0.61613521765,2770156,3.1857523116,0.4285822585601,15.6816867850002
"CE",23,"Ceará",1992,8.43807115000662,5.513377769,5.8481855689,0.605416849,6577637,2711508,3.4064447155,0.605416849,2711508,3.4064447155,0.412231322585907,15.699186120262
"CE",23,"Ceará",1993,10.7330898871244,5.7601409702,6.1433425054,0.6275107911,6691095,2525528,3.442767867,0.6275107911,2525528,3.442767867,0.37744614297062,15.7162880958408
"CE",23,"Ceará",1994,9.49759673113871,6.3225332816,11.4705459953,NA,6804863,NA,NA,0.62234352275,2339175.5,3.53600674385,0.3437505648534,15.7331480616094
"CE",23,"Ceará",1995,12.5850871036911,6.9424553558,11.4705459953,0.6171762544,6918567,2152823,3.6292456207,0.6171762544,2152823,3.6292456207,0.311166026143853,15.7497192252248
"CE",23,"Ceará",1996,12.9382064796808,7.0754424101,3.4313306877,0.6287976651,7032467,2314388,3.7452453304,0.6287976651,2314388,3.7452453304,0.329100442277226,15.766048126836
"CE",23,"Ceará",1997,14.7536807254397,7.1261578509,2.1879709539,0.6236414362,7146759,2334194,3.826987462,0.6236414362,2334194,3.826987462,0.326608746706024,15.7821695251914
"CE",23,"Ceará",1998,13.417207276022,6.9706269201,-0.7496476826,0.6179859989,7261778,2134921,3.9858021121,0.6179859989,2134921,3.9858021121,0.293994253198046,15.7981352603983
"CE",23,"Ceará",1999,15.5911143031432,6.8808593641,0.6512489178,0.6129580576,7378155,2278784,3.9970049449,0.6129580576,2278784,3.9970049449,0.308855533666615,15.8140341653214
"CE",23,"Ceará",2000,16.5395783766668,7.0811125819,4.5416879597,NA,7601788,NA,NA,0.6127373445,2265773,4.2003864776,0.298057904271995,15.8438940407444
"CE",23,"Ceará",2001,17.1973283460167,6.8740162257,-1.4003129818,0.6125166314,7718435,2252762,4.4037680103,0.6125166314,2252762,4.4037680103,0.291867716706819,15.8591221812432
"CE",23,"Ceará",2002,18.851557376402,7.0147256098,3.6413453902,0.5909418214,7830721,2019136,4.6485795421,0.5909418214,2019136,4.6485795421,0.257848032128842,15.8735651454646
"CE",23,"Ceará",2003,20.107142714453,7.0091423501,1.4726216334,0.5694416441,7938714,2201543,4.7405393057,0.5694416441,2201543,4.7405393057,0.277317333764637,15.8872618553701
"CE",23,"Ceará",2004,19.5622855923241,7.2591488251,5.1504274981,0.5767822638,8042368,2069790,4.9624267778,0.5767822638,2069790,4.9624267778,0.257360767375977,15.9002341251537
"CE",23,"Ceará",2005,20.8958799795996,7.3520032986,2.811841014,0.578923259,8141584,1950738,5.0695403423,0.578923259,1950738,5.0695403423,0.2396017777376,15.9124953136422
"CE",23,"Ceará",2006,21.8202440265161,7.8259597756,8.021637112,0.5482415606,8236289,1625764,5.3533838009,0.5482415606,1625764,5.3533838009,0.197390353835326,15.9240604363636
"CE",23,"Ceará",2007,23.2249888403809,8.1185564524,3.3368865679,0.5492169127,8326445,1546241,5.5484714731,0.5492169127,1546241,5.5484714731,0.185702421621713,15.9349471523422
"CE",23,"Ceará",2008,24.0340040331237,8.531601644,8.4934644498,0.5398506858,8412055,1138074,5.7134677836,0.5398506858,1138074,5.7134677836,0.135290841536343,15.945176354062
"CE",23,"Ceará",2009,25.3400017548302,8.4377466295,0.0384501871,0.5448917392,8493155,1233824,5.8895425069,0.5448917392,1233824,5.8895425069,0.145272751998521,15.9547711029194
"DF",53,"Distrito Federal",1990,31.1016459504,46.1145198188,3.3247776336,0.5892859524,1587015,85091,7.4901226722,0.5892859524,85091,7.4901226722,0.053617010551255,14.2773654512597
"DF",53,"Distrito Federal",1991,33.2897381415,45.743612208,1.3825516441,NA,1621458,NA,NA,0.59584408805,119453,7.45443277685,0.0736701166481031,14.2988363024514
"DF",53,"Distrito Federal",1992,28.3342219514,44.7633556276,1.2778017526,0.6024022237,1670943,153815,7.4187428815,0.6024022237,153815,7.4187428815,0.0920528108977984,14.3288986956851
"DF",53,"Distrito Federal",1993,36.0995295108,45.6183027996,4.5613999429,0.6194385147,1720149,164796,7.5883694776,0.6194385147,164796,7.5883694776,0.0958033286651331,14.3579214729446
"DF",53,"Distrito Federal",1994,35.7584813549,45.7808384624,2.8753346238,NA,1769489,NA,NA,0.6000737937,123113.5,7.64592309005,0.0695757362718841,14.386201362303
"DF",53,"Distrito Federal",1995,39.5324468168,46.2715859389,3.5233980382,0.5807090727,1818802,81431,7.7034767025,0.5807090727,81431,7.7034767025,0.044771778346406,14.4136886005585
"DF",53,"Distrito Federal",1996,38.310685388,46.5509286184,2.974954536,0.5928434725,1868199,120079,7.798846604,0.5928434725,120079,7.798846604,0.0642752726021157,14.4404854231461
"DF",53,"Distrito Federal",1997,35.5884209769,47.2331793556,3.7944909491,0.5919731806,1917766,105671,8.0372136636,0.5919731806,105671,8.0372136636,0.0551010915826018,14.4666715248972
"DF",53,"Distrito Federal",1998,37.4336332877,47.1868020461,2.3042977449,0.6222790717,1967649,131356,8.1338614416,0.6222790717,131356,8.1338614416,0.0667578414646108,14.4923499870289
"DF",53,"Distrito Federal",1999,36.7029855315,47.1897013949,3.0590585856,0.6276297031,2018121,155497,8.1444184528,0.6276297031,155497,8.1444184528,0.0770503849868269,14.5176774384549
"DF",53,"Distrito Federal",2000,37.5399898398,47.5907176968,3.3080756867,NA,2108798,NA,NA,0.6259603429,161237,8.1890075695,0.0764591961866428,14.5616286748832
"DF",53,"Distrito Federal",2001,36.8542754297,47.99712472,3.2688259046,0.6242909827,2148606,166977,8.2335966862,0.6242909827,166977,8.2335966862,0.0777141085894762,14.5803298177267
"DF",53,"Distrito Federal",2002,34.6717692575,48.8100390334,4.0969578143,0.6287337614,2190118,177776,8.5433666715,0.6287337614,177776,8.5433666715,0.0811718820629756,14.5994659816197
"DF",53,"Distrito Federal",2003,39.0904706931,48.4338137455,1.5425899466,0.6337636742,2233473,236800,8.7078130078,0.6337636742,236800,8.7078130078,0.106023220338907,14.6190683310511
"DF",53,"Distrito Federal",2004,36.4879518126,49.6949921719,4.9404282365,0.6290878944,2278824,198015,8.7533325004,0.6290878944,198015,8.7533325004,0.086893502964687,14.6391700783918
"DF",53,"Distrito Federal",2005,31.9316414278,51.1215074412,5.1721864202,0.6081313711,2326355,135009,8.9609213899,0.6081313711,135009,8.9609213899,0.0580345648020186,14.6598132229431
"DF",53,"Distrito Federal",2006,32.2596342622,52.7587778152,5.4443059075,0.6074288507,2376239,105844,9.2141292426,0.6074288507,105844,9.2141292426,0.0445426575357108,14.6810295436315
"DF",53,"Distrito Federal",2007,33.4835230254,54.2271992709,5.8928793376,0.6139566693,2428637,85840,9.3925594119,0.6139566693,85840,9.3925594119,0.0353449280398841,14.7028407526007
"DF",53,"Distrito Federal",2008,34.1394626378,54.0583208611,3.7986468609,0.6214850066,2483669,88660,9.383870617,0.6214850066,88660,9.383870617,0.0356971883129354,14.7252474603385
"DF",53,"Distrito Federal",2009,38.4750529751,55.1472120106,3.998091287,0.6239125492,2541434,70596,9.6430140252,0.6239125492,70596,9.6430140252,0.0277780182369481,14.7482390466159
"ES",32,"Espírito Santo",1990,35.3004488817808,13.4193613084,-3.0072876717,0.646202077,2588421,485452,4.8640362877,0.646202077,485452,4.8640362877,0.187547543463756,14.7665585952524
"ES",32,"Espírito Santo",1991,37.452636257993,14.070597162,6.7921205935,NA,2638835,NA,NA,0.6022417485,432769.5,4.77476058265,0.16400021221486,14.7858480898476
"ES",32,"Espírito Santo",1992,31.813466158674,14.1747367354,2.7369291613,0.55828142,2692506,380087,4.6854848776,0.55828142,380087,4.6854848776,0.141164773634673,14.8059829164225
"ES",32,"Espírito Santo",1993,40.8349297987496,14.3172081251,2.847618799,0.58503125,2745874,369116,4.9306469785,0.58503125,369116,4.9306469785,0.134425687413188,14.8256099793338
"ES",32,"Espírito Santo",1994,42.3586553277699,15.0099077023,6.6973478967,NA,2799388,NA,NA,0.5930494038,325502.5,4.9857335869,0.11627630753579,14.8449113798266
"ES",32,"Espírito Santo",1995,41.5551829863429,14.8183667859,0.4277899303,0.6010675576,2852872,281889,5.0408201953,0.6010675576,281889,5.0408201953,0.098808849468185,14.8638367641348
"ES",32,"Espírito Santo",1996,42.7800694114646,15.4808004429,6.23458835,0.5805650267,2906448,255184,5.230829245,0.5805650267,255184,5.230829245,0.0877992656328274,14.8824422750294
"ES",32,"Espírito Santo",1997,49.9802497400298,15.3001563912,0.4691339855,0.5731032553,2960208,304998,5.2617081861,0.5731032553,304998,5.2617081861,0.103032624734478,14.9007700941017
"ES",32,"Espírito Santo",1998,58.3656243740463,15.5728608745,3.3875357716,0.5815201637,3014310,303872,5.4570370282,0.5815201637,303872,5.4570370282,0.100809803902054,14.9188815062306
"ES",32,"Espírito Santo",1999,52.5178264495178,15.3823960272,0.956513269,0.5770015188,3069052,281557,5.6081908331,0.5770015188,281557,5.6081908331,0.0917407069023268,14.9368792770882
"ES",32,"Espírito Santo",2000,46.7837088083753,16.4679144788,8.9587315681,NA,3194255,NA,NA,0.58531890455,299768.5,5.7925610614,0.0938461393971364,14.976864441765
"ES",32,"Espírito Santo",2001,46.6553916136943,16.2371027289,0.3301667574,0.5936362903,3244851,317980,5.9769312897,0.5936362903,317980,5.9769312897,0.097995254635729,14.9925799902711
"ES",32,"Espírito Santo",2002,51.1913626209966,17.0885280941,7.0795656311,0.5802355174,3295622,248170,6.0285053302,0.5802355174,248170,6.0285053302,0.0753029321930731,15.0081054789687
"ES",32,"Espírito Santo",2003,50.4583557037257,17.0376139329,1.428204875,0.5571657004,3346440,255169,6.1654526715,0.5571657004,255169,6.1654526715,0.0762508815338091,15.0234076521824
"ES",32,"Espírito Santo",2004,49.415787161664,17.693139282,5.6140521166,0.5492547347,3397224,191603,6.5640561967,0.5492547347,191603,6.5640561967,0.0563998723663791,15.0384691855045
"ES",32,"Espírito Santo",2005,46.9433979978648,18.1338684187,4.2136342361,0.5581903814,3447900,210703,6.8335072367,0.5581903814,210703,6.8335072367,0.0611105310478842,15.053275908025
"ES",32,"Espírito Santo",2006,51.2083318900274,19.2140744899,7.6952444487,0.5366934306,3498381,154527,6.7817690099,0.5366934306,154527,6.7817690099,0.0441710036728418,15.0678108480119
"ES",32,"Espírito Santo",2007,53.5555181787605,21.4164618852,7.8389780971,0.5260604527,3548614,123603,6.9713197075,0.5260604527,123603,6.9713197075,0.0348313454210573,15.0820676626817
"ES",32,"Espírito Santo",2008,56.4041268826418,22.3992680313,7.7712625099,0.5209855911,3598524,124365,6.9516497205,0.5209855911,124365,6.9516497205,0.0345600029345365,15.0960343193534
"ES",32,"Espírito Santo",2009,56.465354819798,20.6905117036,-6.7312598762,0.5316176427,3648075,122359,7.1625705877,0.5316176427,122359,7.1625705877,0.033540702973486,15.1097101891755
"GO",52,"Goiás",1990,16.8421266874083,11.1470073868,0.0111460865,0.6117536682,3999473,618052,4.4149433265,0.6117536682,618052,4.4149433265,0.15453335977015,15.2016731604044
"GO",52,"Goiás",1991,20.1796360847765,11.2039309628,2.3821251309,NA,4073206,NA,NA,0.5994842751,561395.5,4.57384553365,0.137826444329111,15.2199409623219
"GO",52,"Goiás",1992,19.0071409414747,11.0574563657,1.8516533595,0.587214882,4180857,504739,4.7327477408,0.587214882,504739,4.7327477408,0.120726205177551,15.2460268074099
"GO",52,"Goiás",1993,16.7085819543945,11.5024229008,6.4259512115,0.5935047925,4287901,488172,4.8508452659,0.5935047925,488172,4.8508452659,0.113848710592898,15.2713078937797
"GO",52,"Goiás",1994,17.3318971046573,11.5558264926,2.7085733807,NA,4395236,NA,NA,0.5748170701,476545.5,4.85725921785,0.108423188197403,15.2960317850432
"GO",52,"Goiás",1995,16.9663001930443,11.5187377268,1.8365151264,0.5561293477,4502511,464919,4.8636731698,0.5561293477,464919,4.8636731698,0.103257715528069,15.3201457991164
"GO",52,"Goiás",1996,15.6147320678234,11.578657072,2.639901416,0.5844054122,4609970,376955,5.0709123196,0.5844054122,376955,5.0709123196,0.0817695125998651,15.3437319073595
"GO",52,"Goiás",1997,14.8499892450845,11.8932970314,4.8318156179,0.5497095454,4717800,362615,5.2432929131,0.5497095454,362615,5.2432929131,0.07686103692399,15.3668531472077
"GO",52,"Goiás",1998,13.1529218984239,11.8022273656,1.1927420314,0.5774609779,4826316,340523,5.3157931041,0.5774609779,340523,5.3157931041,0.0705554712952902,15.3895940016808
"GO",52,"Goiás",1999,16.4990670808657,11.6898133397,1.7472526293,0.5594739499,4936113,423515,5.3766962118,0.5594739499,423515,5.3766962118,0.0857992918719648,15.4120887373361
"GO",52,"Goiás",2000,20.1469931012589,12.0131469004,5.0097392291,NA,5075596,NA,NA,0.56311981965,414873.5,5.5104336277,0.0817388736219352,15.4399545144204
"GO",52,"Goiás",2001,21.2454276888367,12.1528450862,3.3378928026,0.5667656894,5193467,406232,5.6441710436,0.5667656894,406232,5.6441710436,0.0782198096185072,15.4629120475333
"GO",52,"Goiás",2002,24.4704498685968,12.5324549937,5.3172473838,0.5537668203,5309216,375346,5.7643743964,0.5537668203,375346,5.7643743964,0.0706970671375962,15.4849547363663
"GO",52,"Goiás",2003,23.7259593277869,12.7945643335,4.2387123502,0.5313149,5422815,440458,6.0177352818,0.5313149,440458,6.0177352818,0.081223128578054,15.5061256112822
"GO",52,"Goiás",2004,26.4145040986812,13.1910107165,5.2214174032,0.5354028643,5534201,264659,6.2006758538,0.5354028643,264659,6.2006758538,0.0478224408546057,15.5264577595946
"GO",52,"Goiás",2005,24.8758033701234,13.4691955626,4.1790128838,0.5571046191,5643344,306126,6.3084177411,0.5571046191,306126,6.3084177411,0.0542454969961073,15.5459873555753
"GO",52,"Goiás",2006,24.5866082032437,13.6185075478,3.1026068457,0.5099149728,5750254,215699,6.5153236411,0.5099149728,215699,6.5153236411,0.0375112125481761,15.5647545857109
"GO",52,"Goiás",2007,24.4150907861316,14.5762301837,5.4689181233,0.5239515743,5854898,221676,6.7297506505,0.5239515743,221676,6.7297506505,0.0378616331147016,15.5827891338545
"GO",52,"Goiás",2008,30.0085748561585,15.2081015083,7.9925155636,0.5128250637,5957260,201079,6.8686470024,0.5128250637,201079,6.8686470024,0.0337536048451805,15.600121201789
"GO",52,"Goiás",2009,30.1030591052555,15.138882744,0.9294769165,0.5101138078,6057367,204316,7.047195111,0.5101138078,204316,7.047195111,0.0337301669190591,15.6167857751792
"MA",21,"Maranhão",1990,9.07312733957768,4.5723258956,-1.173381089,0.5630582201,4922472,2199638,2.6313612555,0.5630582201,2199638,2.6313612555,0.446856376227229,15.4093214013127
"MA",21,"Maranhão",1991,9.22873532048312,4.6903436841,4.2014283858,NA,5007534,NA,NA,0.54426953445,1768479.5,2.74748777615,0.353163752857195,15.4264541363143
"MA",21,"Maranhão",1992,8.32792018521488,4.5068794504,-2.6702867853,0.5254808488,5084188,1337321,2.8636142968,0.5254808488,1337321,2.8636142968,0.263035316553991,15.4416458893647
"MA",21,"Maranhão",1993,7.76197805854563,4.7160590429,6.1097455841,0.607226377,5160409,2279318,3.0520460103,0.607226377,2279318,3.0520460103,0.441693284388892,15.4565263978824
"MA",21,"Maranhão",1994,5.98722686183734,4.7580191893,2.2717517827,NA,5236837,NA,NA,0.59323093605,2161340,3.13188305515,0.412718593303553,15.4712282480875
"MA",21,"Maranhão",1995,7.28314576842837,4.7677659129,1.5461132394,0.5792354951,5313223,2043362,3.2117201,0.5792354951,2043362,3.2117201,0.384580507913935,15.4857091770725
"MA",21,"Maranhão",1996,6.68302891721371,4.9082911538,4.3008773375,0.600957533,5389740,1945166,3.3723531667,0.600957533,1945166,3.3723531667,0.360901639040102,15.5000077042449
"MA",21,"Maranhão",1997,6.02404860633248,4.9854113982,2.8849930116,0.6186420898,5466521,2353085,3.3598938931,0.6186420898,2353085,3.3598938931,0.430453848069,15.5141529574298
"MA",21,"Maranhão",1998,4.96562239876331,4.6791766448,-4.919521204,0.6053190208,5543790,2070783,3.5605357207,0.6053190208,2070783,3.5605357207,0.373532006082481,15.5281889403466
"MA",21,"Maranhão",1999,4.61394733529932,4.7300162652,2.8511664425,0.5748698246,5621971,1927049,3.6155512165,0.5748698246,1927049,3.6155512165,0.342771067300063,15.5421928721287
"MA",21,"Maranhão",2000,6.0869065155561,4.8679328291,4.3687527744,NA,5794912,NA,NA,0.573496703,1993020.5,3.87707711975,0.343925930195316,15.5724908491359
"MA",21,"Maranhão",2001,9.3535705510477,4.8849245308,1.7547721142,0.5721235814,5879264,2058992,4.138603023,0.5721235814,2058992,4.138603023,0.350212543610901,15.5869421419724
"MA",21,"Maranhão",2002,9.92541635484451,4.9532974789,2.8153847768,0.5668967113,5964486,1871372,4.1397847524,0.5668967113,1871372,4.1397847524,0.313752433990121,15.6013334404803
"MA",21,"Maranhão",2003,12.9732026751343,5.1004874094,4.4033196999,0.5763211474,6049974,2146171,4.3133174671,0.5763211474,2146171,4.3133174671,0.354740532769232,15.6155645324771
"MA",21,"Maranhão",2004,11.7096668852046,5.4821678176,8.9565652959,0.6091570673,6135099,2199174,4.5942622183,0.6091570673,2199174,4.5942622183,0.358457785277793,15.6295367729163
"MA",21,"Maranhão",2005,14.7951825705781,5.8054251228,7.335494611,0.5209770019,6219144,1753304,4.4976044318,0.5209770019,1753304,4.4976044318,0.281920470083986,15.643142834666
"MA",21,"Maranhão",2006,14.9566427139414,6.0142360476,4.9752855751,0.5946242962,6301445,1704414,4.812553044,0.5946242962,1704414,4.812553044,0.270479866125944,15.656289530141
"MA",21,"Maranhão",2007,17.4139223910528,6.6318847185,9.101151652,0.5552361975,6381473,1525002,5.228577401,0.5552361975,1525002,5.228577401,0.238973353017399,15.6689095064158
"MA",21,"Maranhão",2008,19.712827087419,6.7171584659,4.3736640788,0.5206574389,6458789,1152127,5.3690886591,0.5206574389,1152127,5.3690886591,0.178381272402613,15.6809523968854
"MA",21,"Maranhão",2009,21.8466428494844,6.5372781629,-1.7271681425,0.5383402199,6533027,1188589,5.5723815022,0.5383402199,1188589,5.5723815022,0.18193541829844,15.6923809466783
"MT",51,"Mato Grosso",1990,20.9805061714633,8.1651272805,1.4944242273,0.5615252086,1975816,206825,4.3836260401,0.5615252086,206825,4.3836260401,0.104678269636444,14.4964920355453
"MT",51,"Mato Grosso",1991,22.1977663127759,8.4679240063,7.4732189574,NA,2055048,NA,NA,0.53903362515,254706,4.44173314895,0.123941630560454,14.5358097633039
"MT",51,"Mato Grosso",1992,17.2393588120801,9.3499436256,11.1268235733,0.5165420417,2107140,302587,4.4998402578,0.5165420417,302587,4.4998402578,0.143600804882447,14.5608421357617
"MT",51,"Mato Grosso",1993,16.4101672773957,9.7978389362,7.1259202039,0.5793754455,2158938,223836,4.6071990054,0.5793754455,223836,4.6071990054,0.10367875316475,14.585126992086
"MT",51,"Mato Grosso",1994,14.1090240338493,10.7311011374,11.8888284969,NA,2210877,NA,NA,0.5670840793,219269,4.76790107025,0.0991773852638568,14.6088998273559
"MT",51,"Mato Grosso",1995,25.8898501414321,10.7162379701,1.9510885022,0.5547927131,2262788,214702,4.9286031351,0.5547927131,214702,4.9286031351,0.0948838335716824,14.6321082392729
"MT",51,"Mato Grosso",1996,29.2508560571537,10.8050981975,2.8862213128,0.5738660276,2314787,248405,4.918847825,0.5738660276,248405,4.918847825,0.10731224946399,14.6548282326301
"MT",51,"Mato Grosso",1997,33.1751503699781,11.1684139829,5.422275398,0.6098521076,2366966,189742,5.1646133965,0.6098521076,189742,5.1646133965,0.0801625371889584,14.6771195242189
"MT",51,"Mato Grosso",1998,36.2405549394063,11.680582819,6.5417498588,0.5761558288,2419476,177734,5.3661119393,0.5761558288,177734,5.3661119393,0.0734597078044998,14.6990615457615
"MT",51,"Mato Grosso",1999,34.7283464550493,12.2520741682,7.6581603056,0.5443685469,2472606,171962,5.3076782485,0.5443685469,171962,5.3076782485,0.0695468667470677,14.7207832131475
"MT",51,"Mato Grosso",2000,39.7707511680629,12.9146901893,7.6362241462,NA,2560993,NA,NA,0.55754621335,200824.5,5.3827337325,0.078416653227869,14.7559056318706
"MT",51,"Mato Grosso",2001,38.5075474402381,13.5042678494,6.7431589797,0.5707238798,2611854,229687,5.4577892165,0.5707238798,229687,5.4577892165,0.087940214116103,14.775570871951
"MT",51,"Mato Grosso",2002,36.9713017468718,14.477998524,9.4212633486,0.5740062201,2662431,214223,5.9608577742,0.5740062201,214223,5.9608577742,0.0804614279205733,14.794750173171
"MT",51,"Mato Grosso",2003,35.0392428204489,14.7886696323,4.2298492367,0.5487963872,2712685,216629,6.0142671103,0.5487963872,216629,6.0142671103,0.0798577792850994,14.8134494772701
"MT",51,"Mato Grosso",2004,32.1382858172325,16.828588376,16.068042712,0.5277364595,2762537,129420,6.1252989217,0.5277364595,129420,6.1252989217,0.0468482413086232,14.8316600183836
"MT",51,"Mato Grosso",2005,32.1825451172534,17.3662003581,5.2264749096,0.5225679332,2811904,157887,6.2319390513,0.5225679332,157887,6.2319390513,0.0561494987026584,14.8493723919274
"MT",51,"Mato Grosso",2006,31.4336002031945,16.2597048493,-4.5771485816,0.5297991297,2860741,139258,6.2718958429,0.5297991297,139258,6.2718958429,0.0486789961062536,14.8665912401469
"MT",51,"Mato Grosso",2007,30.4807590638895,18.119014088,11.343140743,0.5155945448,2908961,123191,6.2501751704,0.5155945448,123191,6.2501751704,0.0423487973884834,14.8833065307185
"MT",51,"Mato Grosso",2008,31.8812119608834,18.9830236879,8.5520690342,0.5436293881,2956496,111991,6.8283610559,0.5436293881,111991,6.8283610559,0.0378796385992066,14.899515341291
"MT",51,"Mato Grosso",2009,32.9877804838606,19.1628366298,2.4475503527,0.5044103614,3003310,126634,6.9741677796,0.5044103614,126634,6.9741677796,0.0421648114913212,14.9152255717408
"MS",50,"Mato Grosso do Sul",1990,20.2874146190232,10.6071735598,0.5563154914,0.5862753541,1770532,164858,4.6870385636,0.5862753541,164858,4.6870385636,0.0931121267506038,14.3867906243612
"MS",50,"Mato Grosso do Sul",1991,21.9616900503487,10.9668241536,5.377813918,NA,1807465,NA,NA,0.5857773993,178732,4.7660750204,0.0988854555966506,14.4074358690655
"MS",50,"Mato Grosso do Sul",1992,23.4076438408176,11.0429775113,2.0229986273,0.5852794445,1839382,192606,4.8451114772,0.5852794445,192606,4.8451114772,0.104712343602362,14.4249402036031
"MS",50,"Mato Grosso do Sul",1993,24.8088663321062,11.7353447248,7.9680569682,0.5648302614,1871119,212639,4.9592134416,0.5648302614,212639,4.9592134416,0.113642691886513,14.4420472055854
"MS",50,"Mato Grosso do Sul",1994,27.2074140203204,11.9469484257,3.388272259,NA,1902942,NA,NA,0.5600407562,177336,5.01204164505,0.093190438804756,14.4589116676215
"MS",50,"Mato Grosso do Sul",1995,32.7261910425308,12.3519414617,4.9600392888,0.555251251,1934747,142033,5.0648698485,0.555251251,142033,5.0648698485,0.0734116657113307,14.4754871265436
"MS",50,"Mato Grosso do Sul",1996,37.7107157566503,12.4355813352,2.1762207424,0.5870589738,1966608,189809,5.2834530229,0.5870589738,189809,5.2834530229,0.0965159299667244,14.4918207892544
"MS",50,"Mato Grosso do Sul",1997,37.3617133043323,12.8131525579,4.5429915134,0.5760269516,1998578,167924,5.2643162598,0.5760269516,167924,5.2643162598,0.0840217394567538,14.5079464856438
"MS",50,"Mato Grosso do Sul",1998,33.423900243453,12.9803328071,2.7784103241,0.5410454436,2030751,120201,5.5790695399,0.5410454436,120201,5.5790695399,0.0591904177321592,14.523916233342
"MS",50,"Mato Grosso do Sul",1999,28.2242226989859,12.8476355712,0.9224695715,0.556348226,2063304,179416,5.642688329,0.556348226,179416,5.642688329,0.0869556788529465,14.5398191394134
"MS",50,"Mato Grosso do Sul",2000,30.9913229108328,12.953411262,2.4220127368,NA,2125821,NA,NA,0.56345561195,176629.5,5.75717106585,0.0830876635426972,14.5696686386668
"MS",50,"Mato Grosso do Sul",2001,29.3221792205638,13.5571329513,6.3045441996,0.5705629979,2163050,173843,5.8716538027,0.5705629979,173843,5.8716538027,0.0803693858209473,14.5870298207106
"MS",50,"Mato Grosso do Sul",2002,32.4205136829656,13.7414733452,2.943748562,0.562998711,2200183,139992,6.1552466904,0.562998711,139992,6.1552466904,0.0636274346270287,14.6040510966873
"MS",50,"Mato Grosso do Sul",2003,32.6772684200198,14.5624867303,7.6213857874,0.5456844407,2237147,143817,6.0840442338,0.5456844407,143817,6.0840442338,0.0642858962777144,14.6207119513218
"MS",50,"Mato Grosso do Sul",2004,29.5637303060259,14.159400346,-1.2809309438,0.5357311946,2273874,142532,6.1908385572,0.5357311946,142532,6.1908385572,0.0626824529415438,14.6369955427865
"MS",50,"Mato Grosso do Sul",2005,27.7684553000953,14.4079654448,3.295744034,0.5325427111,2310307,146682,6.4363445724,0.5325427111,146682,6.4363445724,0.0634902634152085,14.6528909741004
"MS",50,"Mato Grosso do Sul",2006,29.541865791031,14.9310674511,5.1643264996,0.5327964536,2346398,104966,6.5916506516,0.5327964536,104966,6.5916506516,0.044734951189014,14.6683919442754
"MS",50,"Mato Grosso do Sul",2007,30.0220978101996,16.1977742768,6.9651035272,0.5657565048,2382080,74963,6.7411593563,0.5657565048,74963,6.7411593563,0.0314695560182697,14.6834846135559
"MS",50,"Mato Grosso do Sul",2008,29.5798376967178,16.7095787447,6.3578764679,0.5290127954,2417300,72283,6.9266351422,0.5290127954,72283,6.9266351422,0.029902370413271,14.6981617727942
"MS",50,"Mato Grosso do Sul",2009,30.8429195983902,16.6066032207,0.4234938495,0.5211886057,2452039,63147,6.9380209398,0.5211886057,63147,6.9380209398,0.0257528530337405,14.7124304812951
"MG",31,"Minas Gerais",1990,7.45290326042072,12.4777359411,-2.1506979878,0.6064350926,15777299,2210150,4.6384368533,0.6064350926,2210150,4.6384368533,0.140084180441785,16.5740826926985
"MG",31,"Minas Gerais",1991,7.69223342314068,12.6344220477,2.5253375805,NA,15993315,NA,NA,0.58696988735,2307054,4.6214583567,0.144251144931492,16.5876813803961
"MG",31,"Minas Gerais",1992,6.93200034465353,12.1869337542,-2.0939579433,0.5675046821,16220463,2403958,4.6044798601,0.5675046821,2403958,4.6044798601,0.148205263931122,16.6017841512503
"MG",31,"Minas Gerais",1993,7.42653843468741,12.537891794,4.2297129217,0.589791308,16446328,2219831,4.7419395807,0.589791308,2219831,4.7419395807,0.134974262947936,16.6156127883734
"MG",31,"Minas Gerais",1994,6.7065449876913,13.0659221387,5.5474819339,NA,16672808,NA,NA,0.58902520955,1926931,4.8306056658,0.115573273560159,16.6292896868522
"MG",31,"Minas Gerais",1995,7.1855397858102,13.3125449715,3.1649823652,0.5882591111,16899162,1634031,4.9192717509,0.5882591111,1634031,4.9192717509,0.0966930194526806,16.6427745928651
"MG",31,"Minas Gerais",1996,7.34737860225792,13.6359269461,3.6916219769,0.5702230883,17125905,1652971,5.0924924031,0.5702230883,1652971,5.0924924031,0.0965187533155182,16.6561027874316
"MG",31,"Minas Gerais",1997,7.73148247834533,13.8759851664,2.9954154843,0.584596552,17353430,1699330,5.107901568,0.584596552,1699330,5.107901568,0.0979247330354863,16.6693007393426
"MG",31,"Minas Gerais",1998,8.59635700424923,13.6719908182,-0.2657602928,0.5695360844,17582401,1649290,5.1952921342,0.5695360844,1649290,5.1952921342,0.0938034572183856,16.6824090165499
"MG",31,"Minas Gerais",1999,8.93844929467553,13.462326131,0.0815810721,0.5642385684,17814076,1682249,5.3420950899,0.5642385684,1682249,5.3420950899,0.0944336938946483,16.6954994892723
"MG",31,"Minas Gerais",2000,11.4691372336007,13.9649989486,5.1114478946,NA,18178042,NA,NA,0.56222798575,1676843,5.51099398525,0.0922455234727701,16.7157249401434
"MG",31,"Minas Gerais",2001,12.9254531797465,13.7672527415,-0.1159895625,0.5602174031,18402608,1671437,5.6798928806,0.5602174031,1671437,5.6798928806,0.0908260937797512,16.7280029516656
"MG",31,"Minas Gerais",2002,16.2291660738188,14.0955203332,3.7311496399,0.5606709296,18620721,1541674,5.7922972297,0.5606709296,1541674,5.7922972297,0.0827934643347054,16.739785550868
"MG",31,"Minas Gerais",2003,20.6000700143727,14.1062405118,1.3880848718,0.550412936,18832431,1572255,5.9328949874,0.550412936,1572255,5.9328949874,0.083486566338674,16.7510909947963
"MG",31,"Minas Gerais",2004,22.6037120507747,14.7431451499,5.8669556736,0.5422071579,19037702,1174461,6.096839822,0.5422071579,1174461,6.096839822,0.0616913217782272,16.7619318867662
"MG",31,"Minas Gerais",2005,21.8740191649246,15.1329842512,3.961350233,0.5271753417,19236503,955329,6.1910951685,0.5271753417,955329,6.1910951685,0.0496623008870167,16.7723202299253
"MG",31,"Minas Gerais",2006,21.3303768900499,15.5257408335,3.885478117,0.5276010192,19428834,757696,6.4475364132,0.5276010192,757696,6.4475364132,0.0389985317698427,16.7822688092596
"MG",31,"Minas Gerais",2007,20.8070424460177,16.5714939267,5.6078172944,0.5169030123,19614742,737251,6.6307131549,0.5169030123,737251,6.6307131549,0.0375865764637638,16.7917919843402
"MG",31,"Minas Gerais",2008,19.4911131808507,16.9236826896,5.1801998883,0.5145675098,19794278,657833,6.7563190911,0.5145675098,657833,6.7563190911,0.0332334930326835,16.8009034640001
"MG",31,"Minas Gerais",2009,18.1191358639658,16.1034964767,-3.9663211882,0.5125340206,19967560,624043,6.934889354,0.5125340206,624043,6.934889354,0.0312528421099023,16.8096195146521
"PA",15,"Pará",1990,15.464657733996,8.4821575676,4.9795400498,0.5986979108,4884045,496823,5.1187221058,0.5986979108,496823,5.1187221058,0.101723673717175,15.4014843279295
"PA",15,"Pará",1991,16.4038415696044,8.0911996334,-2.1320787608,NA,5016290,NA,NA,0.5737739807,623066,5.0637323903,0.124208528613776,15.4282011746157
"PA",15,"Pará",1992,15.0840072308261,8.2038885338,3.4265163103,0.5488500506,5152286,749309,5.0087426748,0.5488500506,749309,5.0087426748,0.145432338189301,15.4549510576479
"PA",15,"Pará",1993,11.9704628828397,8.545594649,7.0244456837,0.5885926006,5287514,645074,4.9841508357,0.5885926006,645074,4.9841508357,0.121999487850056,15.4808587500873
"PA",15,"Pará",1994,13.4279667413994,8.2204471075,-1.5975612391,NA,5423111,NA,NA,0.575267692,558192.5,5.0512295371,0.102928466704812,15.5061801939892
"PA",15,"Pará",1995,12.7556053544109,8.0443212367,0.0317414039,0.5619427834,5558632,471311,5.1183082385,0.5619427834,471311,5.1183082385,0.0847890272282821,15.5308625927877
"PA",15,"Pará",1996,12.4844647349342,7.8957405813,0.2764998361,0.5794039397,5694386,628116,5.3020279372,0.5794039397,628116,5.3020279372,0.110304429661073,15.5549913351793
"PA",15,"Pará",1997,13.2018854982407,7.9610384867,2.9552756812,0.5730883461,5830609,622747,5.3288894826,0.5730883461,622747,5.3288894826,0.106806510263336,15.5786320125624
"PA",15,"Pará",1998,13.3311351695622,7.9858188534,2.2579815852,0.5646266882,5967696,558612,5.3006725514,0.5646266882,558612,5.3006725514,0.0936059745670691,15.6018714812305
"PA",15,"Pará",1999,10.8214389523919,7.9105342352,1.8124169739,0.555816768,6106403,641123,5.4814417615,0.555816768,641123,5.4814417615,0.104991924050869,15.6248484507541
"PA",15,"Pará",2000,13.0161505235406,8.102147888,4.7029643563,NA,6386876,NA,NA,0.5535895093,719202,5.7186754347,0.112606225641456,15.6697558179197
"PA",15,"Pará",2001,15.0590274454244,8.205703675,3.497954762,0.5513622506,6516683,797281,5.9559091079,0.5513622506,797281,5.9559091079,0.122344603842169,15.6898760621183
"PA",15,"Pará",2002,18.3770578702201,8.3237699665,3.6376466489,0.5589998474,6646479,773518,6.0619292657,0.5589998474,773518,6.0619292657,0.116380116449627,15.7095977987271
"PA",15,"Pará",2003,21.0342525235798,8.6732524335,6.4309940835,0.5187360149,6775865,850106,6.0882481463,0.5187360149,850106,6.0882481463,0.125460882116158,15.728877591857
"PA",15,"Pará",2004,22.7301917281256,9.082296437,7.2329632686,0.5354433541,6904392,1188891,5.4162696624,0.5354433541,1188891,5.4162696624,0.172193438611249,15.7476682888126
"PA",15,"Pará",2005,27.6303687879518,9.2989237826,4.1847750108,0.5155501068,7031660,1119429,5.6255333337,0.5155501068,1119429,5.6255333337,0.159198396964586,15.7659333667801
"PA",15,"Pará",2006,29.1260961664663,9.7624034193,7.0909510901,0.5050871744,7157305,924569,5.7450562603,0.5050871744,924569,5.7450562603,0.129178370909162,15.7836440714338
"PA",15,"Pará",2007,30.4034219575684,10.0445236463,2.2402681554,0.5224446187,7281011,820763,5.9178110734,0.5224446187,820763,5.9178110734,0.112726515589662,15.8007802841572
"PA",15,"Pará",2008,39.1723382102459,10.1724005309,4.9412851617,0.4963187275,7402515,690379,6.0924128149,0.4963187275,690379,6.0924128149,0.0932627627232096,15.8173303652983
"PA",15,"Pará",2009,40.2769948382826,9.69913302,-3.2260498046,0.5088832228,7521656,804484,6.1880191811,0.5088832228,804484,6.1880191811,0.106955702308109,15.8332968844487
"PB",25,"Paraíba",1990,13.7079237181048,5.1218901441,2.8605882071,0.6554818567,3212822,1436968,3.5469867345,0.6554818567,1436968,3.5469867345,0.44726038355066,14.9826602366256
"PB",25,"Paraíba",1991,12.4331717021049,5.1968029581,2.6033472603,NA,3256238,NA,NA,0.6228636645,1394765,3.58348362535,0.428336319396801,14.9960830992563
"PB",25,"Paraíba",1992,10.589877940016,5.0691862614,-2.2004935073,0.5902454723,3280306,1352562,3.6199805162,0.5902454723,1352562,3.6199805162,0.41232799622962,15.0034472686918
"PB",25,"Paraíba",1993,10.9027341736297,4.8743989684,-3.1365456142,0.6489413431,3304238,1367204,4.2640140786,0.6489413431,1367204,4.2640140786,0.413772857766299,15.010716444927
"PB",25,"Paraíba",1994,11.730815279558,5.4668042546,12.9626075812,NA,3328236,NA,NA,0.6319895794,1130302,4.12210078425,0.339609931507261,15.0179529918705
"PB",25,"Paraíba",1995,13.3534573328606,5.6459252883,4.0093111539,0.6150378157,3352220,893400,3.9801874899,0.6150378157,893400,3.9801874899,0.266509954597252,15.0251333708886
"PB",25,"Paraíba",1996,18.9374688409118,5.7548904202,2.6448107115,0.5991280559,3376245,953192,4.0387602314,0.5991280559,953192,4.0387602314,0.28232311339965,15.0322747031549
"PB",25,"Paraíba",1997,14.7370708465852,5.8903517058,3.0643319448,0.6327615144,3400354,1038014,4.3826130384,0.6327615144,1038014,4.3826130384,0.305266451669444,15.0393901018136
"PB",25,"Paraíba",1998,12.4940027296032,5.7130011292,-2.2899913249,0.6402407167,3424615,919663,4.5945630699,0.6402407167,919663,4.5945630699,0.268544931328047,15.046499614601
"PB",25,"Paraíba",1999,11.9682426827782,5.8164788276,2.7826457164,0.6560354726,3449163,998988,4.8925946866,0.6560354726,998988,4.8925946866,0.28963200637372,15.0536421508776
"PB",25,"Paraíba",2000,15.0704521861654,6.0239753113,4.3728000641,NA,3472839,NA,NA,0.62600038815,1037869,4.58494966135,0.298853186110845,15.0604829730358
"PB",25,"Paraíba",2001,14.1270058185937,6.0270502339,0.8279060624,0.5959653037,3507296,1076750,4.2773046361,0.5959653037,1076750,4.2773046361,0.30700288769468,15.0703559281839
"PB",25,"Paraíba",2002,17.3964546139903,6.2655807978,4.7671405188,0.6005286308,3542012,922176,4.4407935439,0.6005286308,922176,4.4407935439,0.260353719863174,15.0802054852356
"PB",25,"Paraíba",2003,17.6206095196291,6.5456670459,5.2853546334,0.5678160705,3576975,970155,4.6023378839,0.5678160705,970155,4.6023378839,0.271222191935924,15.0900280291197
"PB",25,"Paraíba",2004,18.6044305646781,6.6760670753,2.7814350792,0.5945068873,3612078,966606,4.7835276258,0.5945068873,966606,4.7835276258,0.26760385573069,15.0997937879702
"PB",25,"Paraíba",2005,20.5792846140066,6.8883419829,3.9758497382,0.5805155872,3647204,758278,4.951982141,0.5805155872,758278,4.951982141,0.207906659457491,15.1094714046125
"PB",25,"Paraíba",2006,22.6043401437033,7.2944383489,6.7002282849,0.564954892,3682222,576461,5.0298748112,0.564954892,576461,5.0298748112,0.156552483799184,15.1190269322764
"PB",25,"Paraíba",2007,23.5604819488395,7.4184344128,2.2102211014,0.5981170247,3717022,653122,5.1883974256,0.5981170247,653122,5.1883974256,0.175711093450617,15.1284333680136
"PB",25,"Paraíba",2008,27.2537371018959,7.6165583244,5.5242573506,0.5848524913,3751507,585161,5.4659311641,0.5848524913,585161,5.4659311641,0.155980250070172,15.1376681838865
"PB",25,"Paraíba",2009,33.554786079621,7.6853051918,1.640625427,0.5913640742,3785598,549539,5.5962283176,0.5913640742,549539,5.5962283176,0.14516570433522,15.1467144244482
"PR",41,"Paraná",1990,14.0651833415223,12.993189728,-0.0757871888,0.5846688077,8510008,1510054,4.5724241148,0.5846688077,1510054,4.5724241148,0.177444486538673,15.9567534406196
"PR",41,"Paraná",1991,14.5110858896401,12.8845377037,-0.032257103,NA,8583803,NA,NA,0.56655782485,1502664.5,4.7083855337,0.175058129828935,15.9653876133555
"PR",41,"Paraná",1992,12.7612369065695,12.6134284044,-0.1324649795,0.548446842,8701353,1495275,4.8443469526,0.548446842,1495275,4.8443469526,0.171843964955795,15.9789890887746
"PR",41,"Paraná",1993,14.4157152255857,13.700437606,10.0070234502,0.5764452397,8818239,1100856,4.9069903163,0.5764452397,1100856,4.9069903163,0.124838530686229,15.9923327481843
"PR",41,"Paraná",1994,14.6224162681694,14.2772572029,5.5128549386,NA,8935444,NA,NA,0.57858759345,1105843,5.06864398325,0.123759155113053,16.0055363975626
"PR",41,"Paraná",1995,15.9305757445573,14.3564046696,1.7839985526,0.5807299472,9052583,1110830,5.2302976502,0.5807299472,1110830,5.2302976502,0.122708623604998,16.0185606893178
"PR",41,"Paraná",1996,15.2491102649597,14.9459386271,5.3582874566,0.577418847,9169924,920437,5.2369139491,0.577418847,920437,5.2369139491,0.10037564106311,16.031439556303
"PR",41,"Paraná",1997,17.3481181010912,14.9979418656,1.5364192318,0.5712632488,9287670,891865,5.3796841241,0.5712632488,891865,5.3796841241,0.0960267752837902,16.0441982720129
"PR",41,"Paraná",1998,17.637295762983,15.3057175794,3.1964670304,0.5672759592,9406163,980186,5.5271350372,0.5672759592,980186,5.5271350372,0.104206784424212,16.0568756707012
"PR",41,"Paraná",1999,18.1107153465958,15.1414199437,0.500730817,0.580036845,9526056,1086852,5.7278609083,0.580036845,1086852,5.7278609083,0.114092547849813,16.0695413389736
"PR",41,"Paraná",2000,18.4661238644049,15.7529294273,5.3795916731,NA,9665334,NA,NA,0.57289358345,1043623.5,5.89220404395,0.107975937510282,16.0840562277098
"PR",41,"Paraná",2001,21.0319606377434,16.1489506305,3.8265438065,0.5657503219,9786066,1000395,6.0565471796,0.5657503219,1000395,6.0565471796,0.102226471801846,16.0964700951371
"PR",41,"Paraná",2002,22.7190033848746,16.2606444297,1.9781436959,0.5397771315,9903412,770975,6.3252783813,0.5397771315,770975,6.3252783813,0.0778494320947165,16.1083899021925
"PR",41,"Paraná",2003,25.4875130364826,16.7737650643,4.4697132298,0.5462596021,10017462,840225,6.5556232682,0.5462596021,840225,6.5556232682,0.0838760356665191,16.1198403281236
"PR",41,"Paraná",2004,28.0866763018084,17.397182942,5.0206964989,0.5479835907,10128262,714090,6.6630474763,0.5479835907,714090,6.6630474763,0.0705046927103584,16.1308402919099
"PR",41,"Paraná",2005,29.0493712628442,17.1806148268,-0.0125924304,0.5389544626,10235875,621674,6.761081263,0.5389544626,621674,6.761081263,0.0607348174923981,16.1414092643858
"PR",41,"Paraná",2006,29.7956910905933,17.3137909909,2.0078252939,0.5189925779,10340390,524701,7.034195544,0.5189925779,524701,7.034195544,0.0507428636637496,16.1515681439348
"PR",41,"Paraná",2007,29.6044504849834,18.6663205562,6.7441104464,0.5275992238,10441872,403278,7.137208529,0.5275992238,403278,7.137208529,0.0386212357324434,16.1613344346894
"PR",41,"Paraná",2008,32.6057119579564,18.9021087964,4.272847208,0.5001940784,10540407,383834,7.4548188639,0.5001940784,383834,7.4548188639,0.0364154818689639,16.1707267151327
"PR",41,"Paraná",2009,34.4274892880765,18.4840581424,-1.3245206564,0.4972691309,10636065,373863,7.4905266858,0.4972691309,373863,7.4905266858,0.0351504997383901,16.1797611426464
"PE",26,"Pernambuco",1990,39.0551664893538,7.1120177709,14.7656660691,0.6024230667,7151534,2490340,3.8475339964,0.6024230667,2490340,3.8475339964,0.348224590696206,15.7828374371132
"PE",26,"Pernambuco",1991,38.6371496053077,7.6022948865,8.1266842503,NA,7245114,NA,NA,0.5953635723,2595856.5,3.94114359625,0.358290635592483,15.7958378686028
"PE",26,"Pernambuco",1992,35.2931701793926,8.1343409574,8.1266842503,0.5883040779,7327198,2701373,4.0347531961,0.5883040779,2701373,4.0347531961,0.368677494452859,15.8071037361153
"PE",26,"Pernambuco",1993,37.6142374823705,7.6374671584,-5.0977201151,0.6208589759,7408818,2670029,4.1108397107,0.6208589759,2670029,4.1108397107,0.360385286829829,15.8181814703785
"PE",26,"Pernambuco",1994,34.8113316718251,7.7735075062,2.8541047688,NA,7490660,NA,NA,0.597675967,2254509.5,4.1514330124,0.300976082214384,15.8291674691013
"PE",26,"Pernambuco",1995,36.2514715827569,7.9136046648,2.8541047688,0.5744929581,7572457,1838990,4.1920263141,0.5744929581,1838990,4.1920263141,0.242852484999255,15.8400281434257
"PE",26,"Pernambuco",1996,40.7213283937995,7.8568263036,0.293140188,0.6053859547,7654395,2046824,4.5174504332,0.6053859547,2046824,4.5174504332,0.267405065978435,15.8507905506391
"PE",26,"Pernambuco",1997,49.4588653710475,8.0221129848,3.129261706,0.5931044387,7736615,2204462,4.5087960957,0.5931044387,2204462,4.5087960957,0.284938826605693,15.8614748114042
"PE",26,"Pernambuco",1998,58.7870645597035,7.913072864,-0.3893400535,0.5983796346,7819357,1917429,4.64461154,0.5983796346,1917429,4.64461154,0.245215687172232,15.8721128840769
"PE",26,"Pernambuco",1999,55.4030725224899,7.857967819,0.6528289973,0.6040830219,7903077,2272555,4.6867309456,0.6040830219,2272555,4.6867309456,0.287553189725976,15.8827627352752
"PE",26,"Pernambuco",2000,53.8243855028274,8.1086793007,4.3287522279,NA,8119689,NA,NA,0.61018436905,2379835,4.8349844613,0.293094353736947,15.9098024109118
"PE",26,"Pernambuco",2001,58.5021331114041,8.1521478663,1.6397355065,0.6162857162,8212595,2487115,4.983237977,0.6162857162,2487115,4.983237977,0.302841550082526,15.9211795094402
"PE",26,"Pernambuco",2002,54.8070793281317,8.3951820991,4.1113568104,0.6091888794,8304375,2324817,5.1327927876,0.6091888794,2324817,5.1327927876,0.279950869270716,15.9322930423277
"PE",26,"Pernambuco",2003,55.2817334548071,8.2517313605,-0.6313143212,0.5895463672,8395002,2665465,5.2262645048,0.5895463672,2665465,5.2262645048,0.31750617808072,15.9431470867308
"PE",26,"Pernambuco",2004,50.6502789406575,8.4981294841,4.1021508352,0.6067531098,8484308,2474851,5.3963151585,0.6067531098,2474851,5.3963151585,0.291697448984643,15.9537288976381
"PE",26,"Pernambuco",2005,51.1909228878321,8.7603538955,4.1963194071,0.5859963164,8572129,2095540,5.5437926147,0.5859963164,2095540,5.5437926147,0.244459690235646,15.9640266844591
"PE",26,"Pernambuco",2006,52.6662308785016,9.1104600234,5.0966947774,0.5817878885,8658333,1820167,5.6791782444,0.5817878885,1820167,5.6791782444,0.210221413290526,15.9740327677829
"PE",26,"Pernambuco",2007,53.0796189628264,9.6243442383,5.4271924623,0.5595921905,8742825,1670833,5.7471760188,0.5595921905,1670833,5.7471760188,0.191109052280012,15.9837439219499
"PE",26,"Pernambuco",2008,50.731641637442,9.8413817019,5.2529289286,0.5650127483,8825549,1537481,5.9875687613,0.5650127483,1537481,5.9875687613,0.174207972784469,15.9931613684804
"PE",26,"Pernambuco",2009,44.6181397765619,10.031480843,2.8193087749,0.5534916852,8906488,1468622,6.1805539831,0.5534916852,1468622,6.1805539831,0.164893502354688,16.0022905578832
"PI",22,"Piauí",1990,4.451302163463,4.1372953957,0.4945760518,0.6664805378,2582455,1488412,2.5581475729,0.6664805378,1488412,2.5581475729,0.576355444722173,14.7642510548483
"PI",22,"Piauí",1991,4.29876493771681,4.2647265664,4.555909944,NA,2625168,NA,NA,0.64089965675,1395121,2.89461091305,0.531440654464781,14.7806554519599
"PI",22,"Piauí",1992,3.65575980349766,4.1432704828,-2.4017604589,0.6153187757,2652030,1301830,3.2310742532,0.6153187757,1301830,3.2310742532,0.490880570732609,14.7908359424411
"PI",22,"Piauí",1993,4.55325083293643,4.3242051903,5.3938427715,0.6175078152,2678740,1205849,3.167901011,0.6175078152,1205849,3.167901011,0.450155296893316,14.8008570926785
"PI",22,"Piauí",1994,3.82670026236826,4.610147789,7.6408655187,NA,2705522,NA,NA,0.60266058175,1101324,3.25126885995,0.407065253950994,14.8108054276157
"PI",22,"Piauí",1995,4.44039630353243,4.6574884466,1.9827757037,0.5878133483,2732290,996799,3.3346367089,0.5878133483,996799,3.3346367089,0.364821816132255,14.8206506433805
"PI",22,"Piauí",1996,4.6762448631346,4.7695229067,3.3608865098,0.5901487269,2759104,1060591,3.4620333585,0.5901487269,1060591,3.4620333585,0.384396891164668,14.830416547306
"PI",22,"Piauí",1997,5.67517943582249,4.784007189,1.2278469558,0.6214696791,2786010,1110550,3.5733904245,0.6214696791,1110550,3.5733904245,0.39861665966741,14.8401210226909
"PI",22,"Piauí",1998,5.19350789413362,4.7488369456,0.1597251223,0.5944882477,2813087,1026368,3.4774991221,0.5944882477,1026368,3.4774991221,0.364854695215612,14.8497930148288
"PI",22,"Piauí",1999,4.79123737545791,4.7650453284,1.5937577081,0.5993991386,2840484,1029302,3.6582632809,0.5993991386,1029302,3.6582632809,0.362368525927272,14.8594850181523
"PI",22,"Piauí",2000,8.22993741731525,4.868466388,3.2068563964,NA,2877451,NA,NA,0.59859762765,995985.5,3.8002807563,0.346134651815096,14.8724153907625
"PI",22,"Piauí",2001,9.71116083875675,4.919779211,2.0750978474,0.5977961167,2912304,962669,3.9422982317,0.5977961167,962669,3.9422982317,0.3305523736533,14.8844550784543
"PI",22,"Piauí",2002,10.8688488785056,4.9555523731,1.7454978587,0.6183949767,2945649,994630,4.040509094,0.6183949767,994630,4.040509094,0.337660732830015,14.8958397243036
"PI",22,"Piauí",2003,10.8082409416744,5.1705428875,5.392958118,0.6022871344,2977378,1077811,4.1046356798,0.6022871344,1077811,4.1046356798,0.362000055082022,14.9065536054007
"PI",22,"Piauí",2004,11.7661699218168,5.4415022338,6.293034379,0.5907861291,3007333,858127,4.3678271778,0.5907861291,858127,4.3678271778,0.285344855391804,14.9165641974422
"PI",22,"Piauí",2005,12.848250840458,5.6317374104,4.5258690105,0.5905016665,3035330,887912,4.4572889101,0.5905016665,887912,4.4572889101,0.292525689134295,14.9258307080311
"PI",22,"Piauí",2006,14.4050800817056,5.9146128754,6.0499231497,0.5986430502,3061253,749496,4.7096293668,0.5986430502,749496,4.7096293668,0.244833079787917,14.9343348672399
"PI",22,"Piauí",2007,13.2556841908325,6.0430463001,2.0417383951,0.593205699,3085026,637121,4.9852450743,0.593205699,637121,4.9852450743,0.206520463684909,14.9420706431629
"PI",22,"Piauí",2008,12.4159198400034,6.390451718,8.7918256119,0.5738074377,3106597,557210,5.1165064434,0.5738074377,557210,5.1165064434,0.179363464266527,14.9490384728495
"PI",22,"Piauí",2009,12.3790575623053,6.7305033957,6.1864580491,0.5548490175,3125918,464265,5.1740113477,0.5548490175,464265,5.1740113477,0.148521170420977,14.9552385580136
"RJ",33,"Rio de Janeiro",1990,56.0485023753084,21.6285195267,-4.1676180195,0.5827627238,12874428,1432256,6.2409280063,0.5827627238,1432256,6.2409280063,0.111248126907075,16.3707535763427
"RJ",33,"Rio de Janeiro",1991,39.3435014826364,21.5526032864,0.6346339337,NA,13014825,NA,NA,0.56623039485,1264775,6.30965775545,0.0971795625373372,16.3815996502966
"RJ",33,"Rio de Janeiro",1992,34.9637870085827,20.8561775158,-1.732214766,0.5496980659,13180910,1097294,6.3783875046,0.5496980659,1097294,6.3783875046,0.0832487286537879,16.3942801286613
"RJ",33,"Rio de Janeiro",1993,41.0401072523019,20.8909878514,1.3570104868,0.5818973171,13346057,1537318,6.493110479,0.5818973171,1537318,6.493110479,0.115188928085651,16.4067315433792
"RJ",33,"Rio de Janeiro",1994,48.6561451861696,21.1427868949,2.3815772756,NA,13511655,NA,NA,0.5773038922,1237046,6.5919272136,0.0915539954209903,16.4190632042841
"RJ",33,"Rio de Janeiro",1995,61.5427796398418,21.4351970218,2.5367896176,0.5727104673,13677160,936774,6.6907439482,0.5727104673,936774,6.6907439482,0.0684918506473566,16.4312378462671
"RJ",33,"Rio de Janeiro",1996,60.0389010904561,21.4074346588,0.9890398828,0.5776487793,13842949,974421,6.9482151507,0.5776487793,974421,6.9482151507,0.0703911428121277,16.4432865634906
"RJ",33,"Rio de Janeiro",1997,58.7651556708404,21.3754773927,0.9530783042,0.5726994261,14009311,839160,6.8249271882,0.5726994261,839160,6.8249271882,0.0599001621136114,16.4552327379461
"RJ",33,"Rio de Janeiro",1998,55.3231602746923,21.2983098468,0.7820068474,0.5737477129,14176729,811959,6.9553404528,0.5737477129,811959,6.9553404528,0.0572740721784271,16.4671123754483
"RJ",33,"Rio de Janeiro",1999,52.5009545628129,21.0762030516,0.4418916083,0.5555493029,14346124,843830,6.9631306216,0.5555493029,843830,6.9631306216,0.0588193716992827,16.4789903591555
"RJ",33,"Rio de Janeiro",2000,50.982254395388,21.359047022,2.5746961428,NA,14802363,NA,NA,0.5636567801,988505,7.0947016726,0.0667802161046854,16.5102973881519
"RJ",33,"Rio de Janeiro",2001,50.4994964818317,21.2882472039,0.8737446919,0.5717642573,14954176,1133180,7.2262727236,0.5717642573,1133180,7.2262727236,0.075776826486461,16.520501149899
"RJ",33,"Rio de Janeiro",2002,56.5113373450971,21.8385376023,3.8236423075,0.5494034287,15100157,861546,7.3368634173,0.5494034287,861546,7.3368634173,0.0570554332647005,16.5302156990821
"RJ",33,"Rio de Janeiro",2003,52.6912032036361,21.3391003687,-1.1097255426,0.5604786505,15240284,1109863,7.4503208519,0.5604786505,1109863,7.4503208519,0.0728242990747417,16.5394527432197
"RJ",33,"Rio de Janeiro",2004,49.1641332382095,21.7669838208,3.2189410144,0.5500403483,15374696,970886,7.6091654272,0.5500403483,970886,7.6091654272,0.0631483055014551,16.5482335991037
"RJ",33,"Rio de Janeiro",2005,46.1405791247249,22.1474374331,2.9501632496,0.5566470418,15503631,908743,7.7048251511,0.5566470418,908743,7.7048251511,0.0586148496439318,16.5565848125199
"RJ",33,"Rio de Janeiro",2006,45.7661492431381,22.7632060793,3.9716684382,0.5550337734,15627358,663714,7.9791636619,0.5550337734,663714,7.9791636619,0.0424712865732007,16.5645336542007
"RJ",33,"Rio de Janeiro",2007,40.1117359327452,23.8005839012,3.6080815631,0.5487458586,15746038,737593,8.1028911159,0.5487458586,737593,8.1028911159,0.0468430852256295,16.572099336035
"RJ",33,"Rio de Janeiro",2008,33.9899001799549,24.081944635,4.1474096955,0.539663588,15859866,595158,8.2399095738,0.539663588,595158,8.2399095738,0.0375260421494103,16.5793023252072
"RJ",33,"Rio de Janeiro",2009,26.2204796311402,24.3420441863,1.959292763,0.5423897079,15969092,553630,8.2978418092,0.5423897079,553630,8.2978418092,0.034668846544312,16.5861656619687
"RN",24,"Rio Grande do Norte",1990,8.58455490562664,4.3688482384,-13.527150882,0.6094330732,2406035,910432,3.736743645,0.6094330732,910432,3.736743645,0.378395160502653,14.6934907223769
"RN",24,"Rio Grande do Norte",1991,9.14899069246293,5.1552589613,20.1066265888,NA,2453259,NA,NA,0.6069385218,905517.5,3.8264084757,0.369107990636129,14.7129279026649
"RN",24,"Rio Grande do Norte",1992,8.10975529837755,6.1254297193,20.1066265888,0.6044439704,2491709,900603,3.9160733064,0.6044439704,900603,3.9160733064,0.36143987921543,14.7284793783951
"RN",24,"Rio Grande do Norte",1993,9.74666266679703,6.836633882,13.2062950322,0.5778129501,2529943,911374,3.95234535,0.5778129501,911374,3.95234535,0.360234993436611,14.7437073308056
"RN",24,"Rio Grande do Norte",1994,8.21700763317522,7.2127596161,6.9735782957,NA,2568281,NA,NA,0.5873502572,765097.5,4.07509287365,0.297902565957541,14.7587473614817
"RN",24,"Rio Grande do Norte",1995,9.6425480336423,7.612000659,6.9735782957,0.5968875643,2606598,618821,4.1978403973,0.5968875643,618821,4.1978403973,0.237405614521303,14.7735564807954
"RN",24,"Rio Grande do Norte",1996,9.26266092408352,7.7156713745,2.7185558662,0.607599905,2644980,693320,4.404568134,0.607599905,693320,4.404568134,0.262126745759892,14.7881740618093
"RN",24,"Rio Grande do Norte",1997,9.09684516784378,7.9619670396,4.5505668366,0.5970131363,2683495,640249,4.474030062,0.5970131363,640249,4.474030062,0.23858773726055,14.802630607359
"RN",24,"Rio Grande do Norte",1998,8.49699899711621,7.930359166,0.9540637846,0.5984497468,2722255,596610,4.5990315572,0.5984497468,596610,4.5990315572,0.219160218274923,14.8169711389226
"RN",24,"Rio Grande do Norte",1999,8.51395988040719,7.9954244184,2.615284907,0.5969552035,2761472,704243,4.7872297208,0.5969552035,704243,4.7872297208,0.255024494182813,14.831274428855
"RN",24,"Rio Grande do Norte",2000,9.03924038689343,8.247387067,4.6359671983,NA,2837885,NA,NA,0.58907701575,716267.5,4.8996508823,0.252394829247838,14.8585696143871
"RN",24,"Rio Grande do Norte",2001,11.2247678053926,8.2880788267,1.9281087655,0.581198828,2884661,728292,5.0120720438,0.581198828,728292,5.0120720438,0.252470567598758,14.8749179466874
"RN",24,"Rio Grande do Norte",2002,10.5510375771105,8.5749185434,4.9326833487,0.5837885012,2930535,697438,5.2030207357,0.5837885012,697438,5.2030207357,0.237989991588567,14.8906955581817
"RN",24,"Rio Grande do Norte",2003,14.1616232474977,8.5778278289,1.4507811629,0.5624122192,2975550,730640,5.1635557908,0.5624122192,730640,5.1635557908,0.245547881904186,14.9059394538244
"RN",24,"Rio Grande do Norte",2004,11.6991591999082,8.752711752,3.4632269954,0.5702959425,3019694,692072,5.2055218015,0.5702959425,692072,5.2055218015,0.229186136078689,14.9206660597141
"RN",24,"Rio Grande do Norte",2005,13.5862326176091,8.9777867814,3.9905396779,0.5980759462,3062933,600515,5.5335153016,0.5980759462,600515,5.5335153016,0.196058810297189,14.9348835115959
"RN",24,"Rio Grande do Norte",2006,14.7844428236353,9.2851143928,4.8239360753,0.5607005394,3105227,465472,5.4858299324,0.5607005394,465472,5.4858299324,0.1498995081519,14.948597378568
"RN",24,"Rio Grande do Norte",2007,19.2600384033588,9.6213737578,2.5994905117,0.5609871641,3146552,474672,5.7807953028,0.5609871641,474672,5.7807953028,0.150854649788085,14.9618178081116
"RN",24,"Rio Grande do Norte",2008,23.1777313507653,9.7589397446,4.5493247503,0.5508551717,3186891,404287,5.9671380269,0.5508551717,404287,5.9671380269,0.126859374857816,14.9745563913712
"RN",24,"Rio Grande do Norte",2009,25.1462402068255,9.8095073345,1.5249312486,0.559123957,3226259,333122,6.1028536131,0.559123957,333122,6.1028536131,0.10325333458969,14.9868338196275
"RS",43,"Rio Grande do Sul",1990,18.6350854903956,14.4414257507,5.1707574514,0.5687459021,9159235,1079562,5.3218082044,0.5687459021,1079562,5.3218082044,0.117865957145984,16.0302732178789
"RS",43,"Rio Grande do Sul",1991,18.4381315880806,15.5644085907,9.1198521309,NA,9288227,NA,NA,0.5520746569,954035.5,5.4675733719,0.10271449007437,16.044258242199
"RS",43,"Rio Grande do Sul",1992,16.9030200062365,16.8112555044,9.1198521309,0.5354034117,9397527,828509,5.6133385394,0.5354034117,828509,5.6133385394,0.0881624495465669,16.0559571275209
"RS",43,"Rio Grande do Sul",1993,12.4645805284487,17.1413962906,3.1014898346,0.5564255499,9506211,894246,5.7077120713,0.5564255499,894246,5.7077120713,0.094069656143757,16.0674559324172
"RS",43,"Rio Grande do Sul",1994,14.0463444942474,17.6683826562,4.2002194654,NA,9615190,NA,NA,0.5600859273,848547,5.7651276412,0.0882506741936457,16.0788546976002
"RS",43,"Rio Grande do Sul",1995,14.9289709836176,18.215543091,4.2002194654,0.5637463047,9724109,802848,5.8225432111,0.5637463047,802848,5.8225432111,0.0825626286171823,16.0901188237342
"RS",43,"Rio Grande do Sul",1996,15.2158533831097,17.9901487919,-0.1964147959,0.5617991929,9833214,948759,6.05096572,0.5617991929,948759,6.05096572,0.0964851370060694,16.1012763969751
"RS",43,"Rio Grande do Sul",1997,16.7279324203898,18.853986824,5.8912671664,0.5526021109,9942696,846588,6.0345304866,0.5526021109,846588,6.0345304866,0.0851467247917466,16.1123487692214
"RS",43,"Rio Grande do Sul",1998,15.3439393669117,18.5081502285,-0.8556982561,0.5608895462,10052874,788498,6.1956848336,0.5608895462,788498,6.1956848336,0.0784350823456058,16.1233691217369
"RS",43,"Rio Grande do Sul",1999,15.2731650189689,18.5082220098,1.4027286473,0.5641453289,10164353,943900,6.3414515905,0.5641453289,943900,6.3414515905,0.0928637563059843,16.1343973532402
"RS",43,"Rio Grande do Sul",2000,16.3136332306589,19.0884690727,4.3087215203,NA,10266739,NA,NA,0.55913660235,896252.5,6.35124636555,0.0872967063835946,16.1444200047054
"RS",43,"Rio Grande do Sul",2001,17.9288927307935,19.2560846107,2.0202148088,0.5541278758,10365992,848605,6.3610411406,0.5541278758,848605,6.3610411406,0.0818643309776816,16.1540410059777
"RS",43,"Rio Grande do Sul",2002,18.2975670674523,19.365692339,1.7070584118,0.5479351842,10459249,850371,6.4989580692,0.5479351842,850371,6.4989580692,0.0813032560941995,16.1629972167004
"RS",43,"Rio Grande do Sul",2003,18.0762855402405,19.4651793461,1.6492549217,0.5393903748,10546778,868413,6.6706179048,0.5393903748,868413,6.6706179048,0.0823391750542204,16.1713309683978
"RS",43,"Rio Grande do Sul",2004,18.4957377830154,19.8926134442,3.3370231903,0.5280204415,10628806,755303,6.8239491234,0.5280204415,755303,6.8239491234,0.0710618859728929,16.1790784203969
"RS",43,"Rio Grande do Sul",2005,18.5799873527061,19.1155401831,-2.8400173544,0.5200402808,10705605,710606,6.9127120959,0.5200402808,710606,6.9127120959,0.066377005316374,16.1862779940559
"RS",43,"Rio Grande do Sul",2006,17.9144513799603,19.7935849761,4.6749914368,0.5147249763,10777424,585828,7.0757264279,0.5147249763,585828,7.0757264279,0.0543569595109184,16.1929641338504
"RS",43,"Rio Grande do Sul",2007,19.6203772870369,21.8443240759,6.5320343313,0.5055757826,10844476,575432,7.105079155,0.5055757826,575432,7.105079155,0.0530622226468112,16.1991663838789
"RS",43,"Rio Grande do Sul",2008,21.8051896535589,21.8798077714,2.7399180412,0.5041771792,10906958,396196,7.34313829,0.5041771792,396196,7.34313829,0.0363250688230394,16.2049114921654
"RS",43,"Rio Grande do Sul",2009,20.4140684083903,21.6831499758,-0.3609838994,0.4999028875,10965071,376825,7.4677036854,0.4999028875,376825,7.4677036854,0.0343659425461085,16.2102254149614
"RO",11,"Rondônia",1990,51.326351453697,7.7462374935,-0.7972908265,0.5304667756,1090093,78813,5.1165786365,0.5304667756,78813,5.1165786365,0.072299335928219,13.9017735716666
"RO",11,"Rondônia",1991,43.3480593135676,7.6804554422,3.7863655137,NA,1148662,NA,NA,0.5384498935,99209.5,5.2558356395,0.086369619609598,13.9541083447123
"RO",11,"Rondônia",1992,34.593294115999,8.2052611449,7.3324802867,0.5464330114,1175547,119606,5.3950926425,0.5464330114,119606,5.3950926425,0.101744974892539,13.9772441291489
"RO",11,"Rondônia",1993,39.3813028204813,8.3330205001,2.0295595457,0.5415773091,1202280,101426,5.2919352987,0.5415773091,101426,5.2919352987,0.084361380044582,13.9997303120413
"RO",11,"Rondônia",1994,30.7465685048212,8.8869027849,8.7841502611,NA,1229086,NA,NA,0.5643831193,97468,5.46226559955,0.0793012043095438,14.0217813616899
"RO",11,"Rondônia",1995,24.4119847167571,9.0087508843,3.3439589166,0.5871889295,1255878,93510,5.6325959004,0.5871889295,93510,5.6325959004,0.0744578693153316,14.0433454875345
"RO",11,"Rondônia",1996,24.4040133213303,9.1489419282,3.485898152,0.5364997598,1282715,87579,5.7330301582,0.5364997598,87579,5.7330301582,0.0682762733732747,14.0644894833024
"RO",11,"Rondônia",1997,28.1950844976378,9.0625843538,0.8972223433,0.5541227024,1309645,90806,5.6080610839,0.5541227024,90806,5.6080610839,0.0693363468726258,14.0852666660859
"RO",11,"Rondônia",1998,38.3174487004609,8.7364094597,-1.8602628263,0.5499687674,1336745,66297,6.1832582854,0.5499687674,66297,6.1832582854,0.049595846627442,14.1057481123888
"RO",11,"Rondônia",1999,33.4661698662446,8.9964365799,5.5229284559,0.5587102879,1364166,103249,6.2475731355,0.5587102879,103249,6.2475731355,0.0756865366824859,14.1260538108604
"RO",11,"Rondônia",2000,33.7733287819191,9.1267237274,3.4628039594,NA,1401535,NA,NA,0.55316253515,119883,5.91568157985,0.085536929152679,14.1530786225181
"RO",11,"Rondônia",2001,40.131318196607,9.3427111172,4.3721820432,0.5476147824,1431048,136517,5.5837900242,0.5476147824,136517,5.5837900242,0.0953965205919019,14.173917600953
"RO",11,"Rondônia",2002,42.3250564334147,9.9056291414,8.0842997877,0.544495949,1459811,133602,5.8291810844,0.544495949,133602,5.8291810844,0.0915200666387635,14.1938175332501
"RO",11,"Rondônia",2003,38.3951249867785,10.2656929045,5.628625248,0.5066774893,1487850,113149,5.9891654435,0.5066774893,113149,5.9891654435,0.076048660819303,14.2128426828422
"RO",11,"Rondônia",2004,37.9745124802371,10.6373497973,9.466273778,0.5160219488,1515151,126285,5.6010500981,0.5160219488,126285,5.6010500981,0.0833481283383636,14.2310256619259
"RO",11,"Rondônia",2005,35.9706604526142,11.3122767566,4.4733244605,0.5678239822,1541715,192033,5.4987713514,0.5678239822,192033,5.4987713514,0.124558040883043,14.2484059911205
"RO",11,"Rondônia",2006,37.6982679278027,11.5068965067,3.5646746621,0.5445360008,1567546,157466,5.6598031908,0.5445360008,157466,5.6598031908,0.100453830382011,14.2650218971511
"RO",11,"Rondônia",2007,27.3580259957762,13.0049400862,5.1585800404,0.5070219182,1592640,155293,6.0549319707,0.5070219182,155293,6.0549319707,0.0975066556158328,14.2809035746523
"RO",11,"Rondônia",2008,32.1378499510623,13.0585329395,3.1617996524,0.5005048246,1616992,129478,6.0278456631,0.5005048246,129478,6.0278456631,0.0800733708020819,14.2960781911135
"RO",11,"Rondônia",2009,35.5739136159078,13.9167830783,7.3117118681,0.5093811771,1640607,114198,6.5198395996,0.5093811771,114198,6.5198395996,0.0696071636900245,14.3105768532734
"RR",14,"Roraima",1990,61.2814189835138,11.2896169247,4.3140779006,0.539577745,207950,786,6.7368714959,0.539577745,786,6.7368714959,0.00377975474873768,12.2450529451711
"RR",14,"Roraima",1991,35.8483888906493,11.4515703254,6.7503109589,NA,219349,NA,NA,0.5365653033,6445.5,6.10238368545,0.0293846792098437,12.2984193476599
"RR",14,"Roraima",1992,42.1640000179582,11.3659642378,3.452414057,0.5335528616,231276,12105,5.467895875,0.5335528616,12105,5.467895875,0.0523400612255487,12.3513670814871
"RR",14,"Roraima",1993,29.8641182619009,11.3198459586,3.9820331809,0.5327522266,243135,19115,6.5054197965,0.5327522266,19115,6.5054197965,0.078618874287947,12.4013721236144
"RR",14,"Roraima",1994,30.9779500539774,11.250586255,3.5393739375,NA,255027,NA,NA,0.47915945945,11844,5.999393415,0.0464421414203202,12.4491247008884
"RR",14,"Roraima",1995,33.5629343158427,11.3332155912,4.7350695616,0.4255666923,266912,4573,5.4933670335,0.4255666923,4573,5.4933670335,0.0171329876513607,12.4946742950413
"RR",14,"Roraima",1996,43.296874936769,11.3067939213,3.5602807434,0.4508244809,278817,14584,6.1043519758,0.4508244809,14584,6.1043519758,0.052306710136039,12.5383109316193
"RR",14,"Roraima",1997,35.3637356678325,11.181721364,2.5041707052,0.4431034446,290764,11328,6.1920452081,0.4431034446,11328,6.1920452081,0.0389594310162193,12.5802672205544
"RR",14,"Roraima",1998,50.6327171740472,10.6567696876,-1.5411310523,0.5091316116,302786,28821,6.3382528657,0.5091316116,28821,6.3382528657,0.0951860389846294,12.6207815643378
"RR",14,"Roraima",1999,57.6964865087384,10.7350733761,5.4461623946,0.5121833339,314951,22718,7.9053493281,0.5121833339,22718,7.9053493281,0.0721318554314798,12.6601723501522
"RR",14,"Roraima",2000,39.45782482574,10.7648239374,3.963650506,NA,336829,NA,NA,0.52484803,33121.5,6.6006881309,0.0983332789041324,12.7273306621566
"RR",14,"Roraima",2001,31.7269231111384,11.1525809108,7.2989097816,0.5375127261,351178,43525,5.2960269337,0.5375127261,43525,5.2960269337,0.123939996241222,12.769048496412
"RR",14,"Roraima",2002,34.8837879757489,11.6457552686,8.0578229368,0.5612473297,365275,60020,5.541045997,0.5612473297,60020,5.541045997,0.164314557525152,12.8084057735403
"RR",14,"Roraima",2003,29.6672786709324,11.6422083334,3.3663819086,0.524408129,379035,46504,6.458452362,0.524408129,46504,6.458452362,0.1226905167069,12.8453838280857
"RR",14,"Roraima",2004,22.5726881351662,11.8102289515,5.5203823739,0.5827938266,392392,122212,6.1513055039,0.5827938266,122212,6.1513055039,0.311453852270179,12.8800166191057
"RR",14,"Roraima",2005,24.0213841427986,12.03726613,4.4367026039,0.5392288736,405273,80648,6.1884598147,0.5392288736,80648,6.1884598147,0.198996725663935,12.9123161930769
"RR",14,"Roraima",2006,27.2722764912729,12.4138529405,6.2981287612,0.5639582231,417634,44139,6.5319928727,0.5639582231,44139,6.5319928727,0.105688234195492,12.9423607298609
"RR",14,"Roraima",2007,27.9328936310635,12.9804316681,2.5889124567,0.5154439949,429406,54209,6.8126760851,0.5154439949,54209,6.8126760851,0.126241831739659,12.9701581373148
"RR",14,"Roraima",2008,25.4370940663673,13.395657468,7.6473083763,0.5422395412,440533,39266,7.3105598995,0.5422395412,39266,7.3105598995,0.0891329366925974,12.9957406364219
"RR",14,"Roraima",2009,27.28370545937,13.7204004405,4.5869822929,0.5213117091,450969,38953,7.5697813642,0.5213117091,38953,7.5697813642,0.0863762254168247,13.0191538799805
"SC",42,"Santa Catarina",1990,8.42289680267493,17.2942659152,-2.4361753091,0.5692778701,4529689,428902,4.9475532859,0.5692778701,428902,4.9475532859,0.0946868537773785,15.3261638416808
"SC",42,"Santa Catarina",1991,7.81595043939216,17.4862919047,2.8066166022,NA,4609901,NA,NA,0.55721628995,417919,5.0202220021,0.0906568275544312,15.343716939688
"SC",42,"Santa Catarina",1992,7.53954786179222,17.7565110336,3.5078450253,0.5451547098,4697603,406936,5.0928907183,0.5451547098,406936,5.0928907183,0.0866263070761833,15.3625629365861
"SC",42,"Santa Catarina",1993,7.62157151695601,18.4320880928,5.5828082093,0.511214765,4784810,351210,5.3091694348,0.511214765,351210,5.3091694348,0.073401033687858,15.3809568746618
"SC",42,"Santa Catarina",1994,7.06801972753271,18.7359294484,3.3429382574,NA,4872254,NA,NA,0.52407189435,341673.5,5.45026219455,0.0701263727219476,15.3990672216599
"SC",42,"Santa Catarina",1995,8.35299595498871,19.5010579924,5.7742381824,0.5369290237,4959650,332137,5.5913549543,0.5369290237,332137,5.5913549543,0.0669678303912574,15.4168457316952
"SC",42,"Santa Catarina",1996,8.28676472398244,19.8858255241,3.595253491,0.5222329182,5047195,322600,5.6620185494,0.5222329182,322600,5.6620185494,0.0639166903596948,15.43434320139
"SC",42,"Santa Catarina",1997,8.36978728639646,20.4634529228,4.5108666893,0.5287279349,5135043,282397,5.8704382589,0.5287279349,282397,5.8704382589,0.0549940867096926,15.4515987752143
"SC",42,"Santa Catarina",1998,7.93514263866703,20.1427853348,-0.0684001856,0.5221730787,5223449,357193,5.8670806568,0.5221730787,357193,5.8670806568,0.0683825954843246,15.4686684696435
"SC",42,"Santa Catarina",1999,7.47287405559015,20.0822904535,1.782478801,0.5203585512,5312899,366984,5.9072138894,0.5203585512,366984,5.9072138894,0.0690741533012391,15.4856481952769
"SC",42,"Santa Catarina",2000,7.89715403744753,20.5757218084,4.1822738198,NA,5454144,NA,NA,0.5088987234,308383,6.14473094075,0.0565410447542272,15.5118862446794
"SC",42,"Santa Catarina",2001,8.40567166271695,20.8844623857,3.1917973761,0.4974388956,5539977,249782,6.3822479921,0.4974388956,249782,6.3822479921,0.0450871907951964,15.5275009070903
"SC",42,"Santa Catarina",2002,10.3478505958567,20.9616339366,2.0320335613,0.4711160949,5626501,191266,6.5586835372,0.4711160949,191266,6.5586835372,0.0339937733948683,15.5429983149026
"SC",42,"Santa Catarina",2003,11.6458242675381,20.8384159784,1.0478830201,0.4807099293,5713792,226695,6.8400259498,0.4807099293,226695,6.8400259498,0.0396750529245727,15.5583934592902
"SC",42,"Santa Catarina",2004,11.1140361659913,22.0522553398,7.5373201735,0.4610920642,5801932,180516,6.8751547863,0.4610920642,180516,6.8751547863,0.0311130844001619,15.5737015234983
"SC",42,"Santa Catarina",2005,10.5001372176964,22.0431784035,1.5582349551,0.4607825471,5890979,145616,7.1393532528,0.4607825471,145616,7.1393532528,0.0247184720909716,15.5889327557377
"SC",42,"Santa Catarina",2006,11.0098610424614,22.2606141093,2.564886672,0.464521412,5980986,99523,7.2528996829,0.464521412,99523,7.2528996829,0.0166398985050291,15.6040959952783
"SC",42,"Santa Catarina",2007,10.4475744187159,23.96452476,5.9961044633,0.4626400132,6072000,93227,7.3488437728,0.4626400132,93227,7.3488437728,0.0153535902503294,15.6191985980576
"SC",42,"Santa Catarina",2008,13.0357481850385,23.9180809893,2.9723197489,0.4648223537,6164049,100465,7.5951921989,0.4648223537,100465,7.5951921989,0.016298540131657,15.6342444247741
"SC",42,"Santa Catarina",2009,13.090958299006,23.6424543172,-0.0719670501,0.4596916295,6257173,102899,7.7945750528,0.4596916295,102899,7.7945750528,0.0164449664409151,15.6492390436314
"SP",35,"São Paulo",1990,30.6864076954964,22.9467064865,-5.3103331109,0.5386841219,31485089,1520757,5.6965587763,0.5386841219,1520757,5.6965587763,0.0483008639422934,17.2650246266439
"SP",35,"São Paulo",1991,30.6151602183322,22.4485135313,-0.4808052776,NA,32066041,NA,NA,0.52855148365,1949598.5,5.7665472431,0.0607994763057903,17.283308115343
"SP",35,"São Paulo",1992,28.1516413027833,21.5229856589,-2.5004791788,0.5184188454,32650881,2378440,5.8365357099,0.5184188454,2378440,5.8365357099,0.0728445887876655,17.3013823964773
"SP",35,"São Paulo",1993,28.1915872010499,22.4841773891,6.1830304543,0.5443968723,33232425,2340518,5.9462833898,0.5443968723,2340518,5.9462833898,0.0704287454195714,17.3190366138944
"SP",35,"São Paulo",1994,30.0838752897849,23.4447255754,5.9412577543,NA,33815548,NA,NA,0.54130045635,1967093.5,6.0397758901,0.0581712737584498,17.3364312546857
"SP",35,"São Paulo",1995,34.3210807431124,24.1643222911,4.6778599735,0.5382040404,34398346,1593669,6.1332683904,0.5382040404,1593669,6.1332683904,0.0463298148114447,17.3535190397923
"SP",35,"São Paulo",1996,36.1967237715195,24.1031639625,1.2725436322,0.5326756658,34982145,1489278,6.2556811512,0.5326756658,1489278,6.2556811512,0.042572518066002,17.3703483464294
"SP",35,"São Paulo",1997,36.118657732626,24.5496938133,3.3819908572,0.5373749661,35567960,1645960,6.4712856168,0.5373749661,1645960,6.4712856168,0.0462764802929378,17.3869557905791
"SP",35,"São Paulo",1998,39.680884181123,23.8962432492,-1.1952238847,0.5417714221,36157494,1559028,6.6547592018,0.5417714221,1559028,6.6547592018,0.0431177005795811,17.4033947879893
"SP",35,"São Paulo",1999,44.1414151341124,23.1100251143,-1.3386535424,0.5416729457,36753995,1984047,6.7147186779,0.5416729457,1984047,6.7147186779,0.0539818052432123,17.4197574851979
"SP",35,"São Paulo",2000,42.2089811455003,23.7092725642,4.2628419828,NA,37799568,NA,NA,0.5474057334,2183382.5,6.839834776,0.0577621019372497,17.4478082319531
"SP",35,"São Paulo",2001,41.8414989806779,23.4228446292,0.38395454,0.5531385211,38323392,2382718,6.9649508741,0.5531385211,2382718,6.9649508741,0.0621739850167751,17.4615710248948
"SP",35,"São Paulo",2002,37.9645371304677,23.3234417859,1.1716240535,0.5550697177,38835718,2354203,7.1507579561,0.5550697177,2354203,7.1507579561,0.0606195307113931,17.4748509481419
"SP",35,"São Paulo",2003,35.916397332448,22.8757550908,-0.3570341496,0.5457373094,39336185,2778563,7.3056763447,0.5457373094,2778563,7.3056763447,0.0706363110708372,17.4876553911338
"SP",35,"São Paulo",2004,28.5835432288553,23.8912154431,6.0759379763,0.5279759696,39824526,2236815,7.4349437368,0.5279759696,2236815,7.4349437368,0.0561667701958336,17.499993511618
"SP",35,"São Paulo",2005,21.5786139542146,24.3598569518,3.5426800934,0.5321279702,40300493,1978448,7.548009215,0.5321279702,1978448,7.548009215,0.0490924019217333,17.5118742600927
"SP",35,"São Paulo",2006,19.8900222553554,24.9467930565,3.9615269477,0.5246518255,40763876,1466123,7.796276126,0.5246518255,1466123,7.796276126,0.0359662314741611,17.5233068550264
"SP",35,"São Paulo",2007,14.9627127470305,27.6206370268,7.4064255086,0.5064812865,41214356,1382576,7.9417051509,0.5064812865,1382576,7.9417051509,0.0335459809198523,17.5342972002283
"SP",35,"São Paulo",2008,14.9152795298083,28.4034940399,5.8912359761,0.4980843278,41651651,1194966,8.0515240887,0.4980843278,1194966,8.0515240887,0.0286895230155462,17.5448515656474
"SP",35,"São Paulo",2009,15.2691533212269,27.9288107975,-0.7783578832,0.4893578599,42075716,1187057,8.2429559939,0.4893578599,1187057,8.2429559939,0.0282124016618042,17.5549813151275
"SE",28,"Sergipe",1990,10.0871336208899,8.492623942,1.5794694918,0.5674301903,1482911,411077,3.2878217158,0.5674301903,411077,3.2878217158,0.27720948863418,14.209517605833
"SE",28,"Sergipe",1991,21.5835632452091,8.4435004265,1.3739341535,NA,1513630,NA,NA,0.5799417989,451437.5,3.68180462115,0.298248250893547,14.2300212973793
"SE",28,"Sergipe",1992,30.5437983555323,8.2226447498,-0.7349492708,0.5924534075,1545297,491798,4.0757875265,0.5924534075,491798,4.0757875265,0.318254678550466,14.2507266828493
"SE",28,"Sergipe",1993,20.1727509316208,8.4335197127,4.4770610751,0.6096129651,1576786,496075,4.1275982372,0.6096129651,496075,4.1275982372,0.314611494521134,14.2708991560395
"SE",28,"Sergipe",1994,21.4088682119473,8.4825655399,2.4040191435,NA,1608360,NA,NA,0.59740537045,447153.5,4.18219249615,0.278018291924693,14.2907255842605
"SE",28,"Sergipe",1995,15.5738690412008,8.4215892959,1.0313577313,0.5851977758,1639916,398232,4.2367867551,0.5851977758,398232,4.2367867551,0.242836828227787,14.3101555789764
"SE",28,"Sergipe",1996,14.3471139518083,8.561773119,3.4175984573,0.606286713,1671527,388218,4.4335138657,0.606286713,388218,4.4335138657,0.232253502336486,14.3292481378677
"SE",28,"Sergipe",1997,11.3446965354059,9.0157557207,7.0815631214,0.620227838,1703246,453198,4.570852371,0.620227838,453198,4.570852371,0.266079004442106,14.3480464001817
"SE",28,"Sergipe",1998,10.3269304386228,8.8628500033,-0.0623469487,0.6165587905,1735168,393962,4.6593050674,0.6165587905,393962,4.6593050674,0.227045450354087,14.3666147966466
"SE",28,"Sergipe",1999,19.7344029613253,8.6218728818,-0.5223514451,0.6242959525,1767466,443067,4.7295048485,0.6242959525,443067,4.7295048485,0.250679220986429,14.3850574403585
"SE",28,"Sergipe",2000,23.3121786519906,8.7672435729,3.5337016366,NA,1824047,NA,NA,0.5974669408,463771.5,4.8592558508,0.254254139284788,14.4165682168283
"SE",28,"Sergipe",2001,29.2739080337059,8.6820460686,0.8064413391,0.5706379291,1856879,484476,4.9890068531,0.5706379291,484476,4.9890068531,0.260908761421719,14.4344076793535
"SE",28,"Sergipe",2002,29.7393017060256,8.8717633988,4.0069047452,0.556198414,1888967,433237,5.2470433319,0.556198414,433237,5.2470433319,0.229351280355877,14.4515406767704
"SE",28,"Sergipe",2003,25.2320898838514,8.9504386847,2.6711694037,0.5782618935,1920338,478700,5.5508764879,0.5782618935,478700,5.5508764879,0.249279033170202,14.4680117701771
"SE",28,"Sergipe",2004,24.381721065752,9.3804812523,6.6254364501,0.5607642447,1950985,388209,5.7639145029,0.5607642447,388209,5.7639145029,0.198981027532247,14.4838449312108
"SE",28,"Sergipe",2005,25.0023122057062,9.746751866,5.6874633921,0.5535993078,1980891,409172,5.4783008791,0.5535993078,409172,5.4783008791,0.206559573444475,14.4990573014511
"SE",28,"Sergipe",2006,29.8385419998805,9.9776921472,4.0833929306,0.559901636,2010083,301367,5.6293830223,0.559901636,301367,5.6293830223,0.149927639803928,14.513686572715
"SE",28,"Sergipe",2007,25.8676226867949,10.9347879797,6.2339327808,0.5431488303,2038561,299645,6.081654644,0.5431488303,299645,6.081654644,0.146988488448469,14.5277547247574
"SE",28,"Sergipe",2008,28.7089859125878,10.8817029713,2.5905650007,0.5391487052,2066358,266205,6.3652633403,0.5391487052,266205,6.3652633403,0.128828112069641,14.541298195354
"SE",28,"Sergipe",2009,32.8257635208079,11.2505972278,4.440055291,0.5763528624,2093507,280663,6.2982941324,0.5763528624,280663,6.2982941324,0.134063559376682,14.5543512081186
"TO",17,"Tocantins",1990,5.87534947244571,7.4802792384,-3.775417522,NA,917767,NA,NA,0.581456794733333,316859.333333333,5.2450046605,0.345250301365524,13.7296988247506
"TO",17,"Tocantins",1991,10.1102011930002,7.6122181897,3.4331114479,NA,932030,NA,NA,0.586560727066667,353055.666666667,4.1917151886,0.378802899763598,13.7451202819909
"TO",17,"Tocantins",1992,7.10343986725709,7.6062331607,3.7309082416,0.5916646594,958030,389252,3.1384257167,0.5916646594,389252,3.1384257167,0.406304604239951,13.7726343717028
"TO",17,"Tocantins",1993,9.58559316268638,7.5925648284,2.2445364129,0.5334870776,983883,297083,3.2449985868,0.5334870776,297083,3.2449985868,0.301949520420619,13.7992622665259
"TO",17,"Tocantins",1994,10.6989330337677,7.6169350505,2.6755149989,NA,1009806,NA,NA,0.58258580025,320197,3.4800990781,0.317087638615734,13.8252687911599
"TO",17,"Tocantins",1995,7.44793151080679,7.7713175348,4.3443567101,0.6316845229,1035715,343311,3.7151995694,0.6316845229,343311,3.7151995694,0.331472461053475,13.8506025674305
"TO",17,"Tocantins",1996,12.2062629572376,7.7757470707,2.2689711338,0.6379397278,1061668,332631,4.0416968254,0.6379397278,332631,4.0416968254,0.313309810599924,13.8753518142065
"TO",17,"Tocantins",1997,11.1959391125957,7.9080208851,3.893665191,0.6253016191,1087711,350815,3.7644974819,0.6253016191,350815,3.7644974819,0.322525928302647,13.8995860461135
"TO",17,"Tocantins",1998,12.0959807041965,8.0789021631,4.2355845122,0.613800816,1113920,301368,3.9331220939,0.613800816,301368,3.9331220939,0.270547256535478,13.9233958836052
"TO",17,"Tocantins",1999,13.0410378551457,8.0857119891,2.9315541659,0.5580211104,1140437,285253,4.4559746321,0.5580211104,285253,4.4559746321,0.250126048172762,13.9469220802506
"TO",17,"Tocantins",2000,15.3833123901312,8.1320619577,2.8624617326,NA,1186152,NA,NA,0.5786014854,273923,4.60114409515,0.230934146719813,13.9862250122165
"TO",17,"Tocantins",2001,18.6520713505044,8.0138560417,0.7532960931,0.5991818604,1211273,262593,4.7463135582,0.5991818604,262593,4.7463135582,0.216790929872952,14.0071824306549
"TO",17,"Tocantins",2002,14.9129086136956,8.0758971422,3.0049603281,0.5594293698,1236171,263764,4.9185291453,0.5594293698,263764,4.9185291453,0.213371774616942,14.0275292569449
"TO",17,"Tocantins",2003,18.2898873993264,8.7326442958,10.4970508315,0.5660647346,1260783,269098,5.3051584928,0.5660647346,269098,5.3051584928,0.213437205292267,14.0472435144923
"TO",17,"Tocantins",2004,16.3573922646333,9.3678485905,8.1833128201,0.5506102414,1285028,231437,5.3578488095,0.5506102414,231437,5.3578488095,0.180102690369393,14.0662910659573
"TO",17,"Tocantins",2005,15.4705339938173,9.7264417171,7.3707344593,0.5351824045,1308824,196221,5.6253801528,0.5351824045,196221,5.6253801528,0.14992160901695,14.0846395820708
"TO",17,"Tocantins",2006,17.7118270725274,9.829354866,3.1255543958,0.5216510986,1332107,171458,5.7787525592,0.5216510986,171458,5.7787525592,0.128711882754163,14.1022724571865
"TO",17,"Tocantins",2007,16.4840542531515,11.0237822544,4.6761561432,0.5462863625,1354808,173268,6.121636628,0.5462863625,173268,6.121636628,0.127891184581136,14.1191703048389
"TO",17,"Tocantins",2008,18.1177953454456,11.3575263384,6.0829688422,0.5437508819,1376898,134273,6.3676022318,0.5437508819,134273,6.3676022318,0.0975184799455007,14.1353437008931
"TO",17,"Tocantins",2009,21.8255611374995,11.6840034913,3.8018183445,0.523315206,1398334,113423,6.7338389958,0.523315206,113423,6.7338389958,0.0811129529854813,14.1507920859733
